CustomerID,ChurnProbability,PredictedRevenue12M_EGP,CustomerSegment,AnomalyFlag,RetentionPriority
CUST-00001,0.5137,5979.58,High-Value Users,0,1
CUST-00002,0.507,4236.36,Steady Core Customers,0,0
CUST-00003,0.5468,4046.4,Steady Core Customers,0,0
CUST-00004,0.4681,4148.14,Steady Core Customers,0,0
CUST-00005,0.5471,4597.35,Steady Core Customers,0,0
CUST-00006,0.2554,5408.02,Steady Core Customers,0,0
CUST-00007,0.5777,3887.06,Steady Core Customers,0,0
CUST-00008,0.2703,5554.16,Steady Core Customers,0,0
CUST-00009,0.2115,3262.58,Steady Core Customers,0,0
CUST-00010,0.3093,4267.59,Steady Core Customers,0,0
CUST-00011,0.4805,4978.0,High-Value Users,0,0
CUST-00012,0.3483,7187.3,High-Value Users,0,0
CUST-00013,0.3796,5323.89,High-Value Users,0,0
CUST-00014,0.5822,4776.86,Steady Core Customers,0,0
CUST-00015,0.5595,4659.03,Steady Core Customers,0,0
CUST-00016,0.184,5648.45,Steady Core Customers,0,0
CUST-00017,0.2294,5055.78,Steady Core Customers,0,0
CUST-00018,0.2472,6900.09,High-Value Users,0,0
CUST-00019,0.2157,3902.73,Steady Core Customers,0,0
CUST-00020,0.6363,5830.45,High-Value Users,0,1
CUST-00021,0.2413,4984.28,Steady Core Customers,0,0
CUST-00022,0.18,6335.02,Steady Core Customers,0,0
CUST-00023,0.703,4786.44,Steady Core Customers,0,0
CUST-00024,0.2372,3879.16,Steady Core Customers,0,0
CUST-00025,0.3007,4581.32,Steady Core Customers,0,0
CUST-00026,0.5216,4375.0,Steady Core Customers,0,0
CUST-00027,0.5654,6637.79,High-Value Users,0,1
CUST-00028,0.5854,4591.01,Steady Core Customers,0,0
CUST-00029,0.2604,5606.52,Steady Core Customers,0,0
CUST-00030,0.4859,3924.77,Steady Core Customers,0,0
CUST-00031,0.4851,4789.23,Steady Core Customers,0,0
CUST-00032,0.2088,7892.71,High-Value Users,0,0
CUST-00033,0.1841,6898.93,Steady Core Customers,0,0
CUST-00034,0.196,8222.29,High-Value Users,0,0
CUST-00035,0.3036,5852.79,High-Value Users,0,0
CUST-00036,0.5945,4628.14,Steady Core Customers,0,0
CUST-00037,0.531,4004.4,Steady Core Customers,0,0
CUST-00038,0.4104,6424.76,High-Value Users,0,0
CUST-00039,0.5543,5594.81,High-Value Users,0,1
CUST-00040,0.1506,4236.33,Steady Core Customers,0,0
CUST-00041,0.1894,7689.74,High-Value Users,0,0
CUST-00042,0.2975,7818.33,High-Value Users,0,0
CUST-00043,0.3563,7959.34,High-Value Users,0,0
CUST-00044,0.2716,6370.82,High-Value Users,0,0
CUST-00045,0.2442,6841.47,High-Value Users,0,0
CUST-00046,0.5686,4134.18,Steady Core Customers,0,0
CUST-00047,0.5402,3160.34,Steady Core Customers,0,0
CUST-00048,0.6697,3619.87,Steady Core Customers,0,0
CUST-00049,0.2496,6263.66,High-Value Users,0,0
CUST-00050,0.6403,4556.77,High-Value Users,0,0
CUST-00051,0.6201,3646.1,Steady Core Customers,0,0
CUST-00052,0.3797,6055.2,High-Value Users,0,0
CUST-00053,0.5487,4552.35,High-Value Users,0,0
CUST-00054,0.3317,7231.94,High-Value Users,1,0
CUST-00055,0.3851,3994.48,Steady Core Customers,0,0
CUST-00056,0.4839,4147.67,Steady Core Customers,0,0
CUST-00057,0.6944,3841.72,Steady Core Customers,0,0
CUST-00058,0.3941,5482.55,High-Value Users,0,0
CUST-00059,0.2123,6951.04,High-Value Users,0,0
CUST-00060,0.1881,7614.78,High-Value Users,0,0
CUST-00061,0.2476,5108.31,Steady Core Customers,0,0
CUST-00062,0.2329,4778.97,Steady Core Customers,0,0
CUST-00063,0.4345,7706.49,High-Value Users,0,0
CUST-00064,0.2885,6422.4,High-Value Users,0,0
CUST-00065,0.4837,5141.09,High-Value Users,0,0
CUST-00066,0.64,6817.63,High-Value Users,0,1
CUST-00067,0.4063,5250.6,Steady Core Customers,0,0
CUST-00068,0.3042,5810.76,Steady Core Customers,0,0
CUST-00069,0.5001,4936.09,Steady Core Customers,0,0
CUST-00070,0.6766,3303.71,Steady Core Customers,0,0
CUST-00071,0.5357,3075.13,Steady Core Customers,0,0
CUST-00072,0.6296,6859.64,High-Value Users,0,1
CUST-00073,0.3555,6691.54,High-Value Users,0,0
CUST-00074,0.4476,3856.14,Steady Core Customers,0,0
CUST-00075,0.182,7159.28,High-Value Users,0,0
CUST-00076,0.3014,7576.07,High-Value Users,0,0
CUST-00077,0.6713,5453.81,High-Value Users,0,1
CUST-00078,0.3605,4419.06,Steady Core Customers,1,0
CUST-00079,0.3327,7449.17,High-Value Users,0,0
CUST-00080,0.4072,3881.29,Steady Core Customers,0,0
CUST-00081,0.5639,3334.43,Steady Core Customers,0,0
CUST-00082,0.1505,6261.73,Steady Core Customers,0,0
CUST-00083,0.7008,6694.38,High-Value Users,0,1
CUST-00084,0.634,5467.45,High-Value Users,0,1
CUST-00085,0.5361,6171.21,High-Value Users,0,1
CUST-00086,0.4578,3237.73,Steady Core Customers,0,0
CUST-00087,0.3734,7966.16,High-Value Users,0,0
CUST-00088,0.6253,4117.08,Steady Core Customers,0,0
CUST-00089,0.318,6343.54,High-Value Users,0,0
CUST-00090,0.7187,3668.15,Steady Core Customers,0,0
CUST-00091,0.1912,6272.41,High-Value Users,0,0
CUST-00092,0.5793,4245.38,Steady Core Customers,0,0
CUST-00093,0.2058,9641.13,High-Value Users,0,0
CUST-00094,0.2911,6157.02,Steady Core Customers,0,0
CUST-00095,0.657,6914.16,High-Value Users,0,1
CUST-00096,0.3581,7622.89,High-Value Users,0,0
CUST-00097,0.4717,3962.74,Steady Core Customers,0,0
CUST-00098,0.2809,6674.02,High-Value Users,1,0
CUST-00099,0.1937,4506.98,Steady Core Customers,0,0
CUST-00100,0.6275,2834.79,Steady Core Customers,0,0
CUST-00101,0.6865,2783.27,Steady Core Customers,0,0
CUST-00102,0.4107,4637.55,Steady Core Customers,0,0
CUST-00103,0.4437,8421.51,High-Value Users,0,0
CUST-00104,0.3438,3463.25,Steady Core Customers,0,0
CUST-00105,0.591,4731.51,Steady Core Customers,0,0
CUST-00106,0.4807,4767.65,Steady Core Customers,0,0
CUST-00107,0.5236,3227.89,Steady Core Customers,0,0
CUST-00108,0.2814,6282.44,Steady Core Customers,0,0
CUST-00109,0.6166,6549.3,High-Value Users,0,1
CUST-00110,0.4968,6297.39,High-Value Users,0,0
CUST-00111,0.2457,8294.72,High-Value Users,0,0
CUST-00112,0.5017,2718.93,Steady Core Customers,0,0
CUST-00113,0.2451,8594.35,High-Value Users,1,0
CUST-00114,0.5979,4680.17,Steady Core Customers,0,0
CUST-00115,0.3975,4837.13,Steady Core Customers,0,0
CUST-00116,0.3603,7237.41,High-Value Users,0,0
CUST-00117,0.612,6019.84,High-Value Users,0,1
CUST-00118,0.7072,4024.5,Steady Core Customers,0,0
CUST-00119,0.2076,4635.24,Steady Core Customers,0,0
CUST-00120,0.1599,8207.33,High-Value Users,0,0
CUST-00121,0.2135,3953.44,Steady Core Customers,0,0
CUST-00122,0.6706,6675.55,High-Value Users,1,1
CUST-00123,0.7223,4601.79,Steady Core Customers,0,0
CUST-00124,0.4903,3116.49,Steady Core Customers,0,0
CUST-00125,0.3441,7133.47,High-Value Users,0,0
CUST-00126,0.3121,7036.08,High-Value Users,0,0
CUST-00127,0.685,6638.34,High-Value Users,0,1
CUST-00128,0.2112,6403.23,Steady Core Customers,0,0
CUST-00129,0.5628,5665.75,High-Value Users,0,1
CUST-00130,0.2333,4838.18,Steady Core Customers,0,0
CUST-00131,0.547,5289.33,Steady Core Customers,0,0
CUST-00132,0.511,6603.29,High-Value Users,0,1
CUST-00133,0.2273,4711.71,Steady Core Customers,0,0
CUST-00134,0.3151,7264.17,High-Value Users,0,0
CUST-00135,0.5885,6036.2,High-Value Users,0,1
CUST-00136,0.6149,3533.15,Steady Core Customers,0,0
CUST-00137,0.2777,5653.05,Steady Core Customers,0,0
CUST-00138,0.5605,3637.21,Steady Core Customers,0,0
CUST-00139,0.2092,6355.93,High-Value Users,0,0
CUST-00140,0.1983,7230.44,High-Value Users,0,0
CUST-00141,0.5415,4466.96,Steady Core Customers,0,0
CUST-00142,0.6015,6569.3,High-Value Users,0,1
CUST-00143,0.5314,4427.84,Steady Core Customers,0,0
CUST-00144,0.2606,5557.31,Steady Core Customers,0,0
CUST-00145,0.5179,4599.0,Steady Core Customers,0,0
CUST-00146,0.3885,6268.26,High-Value Users,0,0
CUST-00147,0.631,5673.49,High-Value Users,0,1
CUST-00148,0.1633,5761.6,High-Value Users,0,0
CUST-00149,0.6181,4783.64,Steady Core Customers,0,0
CUST-00150,0.7184,5593.31,High-Value Users,0,1
CUST-00151,0.3019,3894.04,Steady Core Customers,0,0
CUST-00152,0.2822,3295.63,Steady Core Customers,1,0
CUST-00153,0.6132,4951.9,High-Value Users,0,0
CUST-00154,0.6436,4251.16,Steady Core Customers,0,0
CUST-00155,0.201,3965.37,Steady Core Customers,0,0
CUST-00156,0.6109,4971.07,High-Value Users,0,0
CUST-00157,0.4186,5828.52,High-Value Users,0,0
CUST-00158,0.4185,5457.55,High-Value Users,0,0
CUST-00159,0.6837,6034.98,High-Value Users,0,1
CUST-00160,0.1791,5850.26,High-Value Users,0,0
CUST-00161,0.2124,5474.15,Steady Core Customers,0,0
CUST-00162,0.6234,4934.11,High-Value Users,0,0
CUST-00163,0.25,7826.99,High-Value Users,0,0
CUST-00164,0.601,5201.17,High-Value Users,0,0
CUST-00165,0.3635,6272.98,High-Value Users,0,0
CUST-00166,0.587,5299.88,Steady Core Customers,0,0
CUST-00167,0.6421,6647.7,High-Value Users,0,1
CUST-00168,0.4499,7536.54,High-Value Users,0,0
CUST-00169,0.6813,4680.11,High-Value Users,0,0
CUST-00170,0.6863,5992.96,High-Value Users,1,1
CUST-00171,0.494,4845.58,Steady Core Customers,0,0
CUST-00172,0.3641,7330.68,High-Value Users,0,0
CUST-00173,0.5566,4500.02,Steady Core Customers,0,0
CUST-00174,0.1719,7266.0,High-Value Users,0,0
CUST-00175,0.3071,6226.57,Steady Core Customers,0,0
CUST-00176,0.3033,6612.03,High-Value Users,0,0
CUST-00177,0.3933,3935.31,Steady Core Customers,0,0
CUST-00178,0.3899,5373.21,Steady Core Customers,0,0
CUST-00179,0.4806,4068.08,Steady Core Customers,0,0
CUST-00180,0.2656,6357.82,High-Value Users,0,0
CUST-00181,0.2947,3628.49,Steady Core Customers,0,0
CUST-00182,0.6728,5767.21,High-Value Users,0,1
CUST-00183,0.182,6793.13,High-Value Users,0,0
CUST-00184,0.4428,6058.95,High-Value Users,0,0
CUST-00185,0.4301,3352.68,Steady Core Customers,0,0
CUST-00186,0.703,6021.82,High-Value Users,0,1
CUST-00187,0.2796,2809.22,Steady Core Customers,0,0
CUST-00188,0.2693,6074.48,Steady Core Customers,0,0
CUST-00189,0.2125,9164.87,High-Value Users,0,0
CUST-00190,0.5509,2488.91,Steady Core Customers,0,0
CUST-00191,0.2749,3544.39,Steady Core Customers,0,0
CUST-00192,0.2678,4205.77,Steady Core Customers,0,0
CUST-00193,0.2226,7076.96,High-Value Users,0,0
CUST-00194,0.3534,4318.98,Steady Core Customers,0,0
CUST-00195,0.6119,6394.59,High-Value Users,0,1
CUST-00196,0.1937,4470.63,Steady Core Customers,0,0
CUST-00197,0.522,4757.38,Steady Core Customers,0,0
CUST-00198,0.518,3107.97,Steady Core Customers,0,0
CUST-00199,0.6191,4875.37,Steady Core Customers,0,0
CUST-00200,0.6317,3599.27,Steady Core Customers,0,0
CUST-00201,0.6015,7136.02,High-Value Users,0,1
CUST-00202,0.6551,3740.81,Steady Core Customers,0,0
CUST-00203,0.2287,5556.37,Steady Core Customers,0,0
CUST-00204,0.2523,7112.01,High-Value Users,0,0
CUST-00205,0.6184,5533.51,High-Value Users,0,1
CUST-00206,0.666,5295.51,High-Value Users,0,0
CUST-00207,0.2396,4456.83,Steady Core Customers,0,0
CUST-00208,0.6338,3617.52,Steady Core Customers,0,0
CUST-00209,0.2142,5869.56,High-Value Users,0,0
CUST-00210,0.2565,8249.7,High-Value Users,0,0
CUST-00211,0.4038,5689.64,Steady Core Customers,0,0
CUST-00212,0.6864,3122.55,Steady Core Customers,0,0
CUST-00213,0.5408,4795.43,Steady Core Customers,0,0
CUST-00214,0.2123,6575.4,High-Value Users,0,0
CUST-00215,0.6427,4960.16,High-Value Users,0,0
CUST-00216,0.1953,7303.74,High-Value Users,1,0
CUST-00217,0.1978,4970.14,Steady Core Customers,0,0
CUST-00218,0.2294,8227.51,High-Value Users,0,0
CUST-00219,0.1814,5706.01,Steady Core Customers,0,0
CUST-00220,0.3755,4302.48,Steady Core Customers,0,0
CUST-00221,0.7201,5829.33,High-Value Users,0,1
CUST-00222,0.1678,6203.6,Steady Core Customers,1,0
CUST-00223,0.4908,4552.77,Steady Core Customers,0,0
CUST-00224,0.6581,4849.83,High-Value Users,0,0
CUST-00225,0.6016,3759.93,Steady Core Customers,0,0
CUST-00226,0.6377,4774.56,High-Value Users,0,0
CUST-00227,0.1439,6336.75,Steady Core Customers,0,0
CUST-00228,0.4928,4604.85,High-Value Users,0,0
CUST-00229,0.3132,8304.95,High-Value Users,0,0
CUST-00230,0.2713,7004.19,High-Value Users,0,0
CUST-00231,0.5852,5458.03,Steady Core Customers,0,1
CUST-00232,0.302,8046.94,High-Value Users,0,0
CUST-00233,0.5234,4820.96,Steady Core Customers,0,0
CUST-00234,0.3694,5712.37,High-Value Users,0,0
CUST-00235,0.5252,6252.43,High-Value Users,0,1
CUST-00236,0.6482,5289.86,High-Value Users,0,0
CUST-00237,0.6168,5456.1,High-Value Users,0,1
CUST-00238,0.5975,5713.53,High-Value Users,0,1
CUST-00239,0.5536,4689.59,Steady Core Customers,0,0
CUST-00240,0.7047,4657.47,Steady Core Customers,0,0
CUST-00241,0.2922,4926.76,Steady Core Customers,0,0
CUST-00242,0.4359,5041.77,Steady Core Customers,0,0
CUST-00243,0.3325,5420.76,High-Value Users,0,0
CUST-00244,0.2765,7102.92,High-Value Users,0,0
CUST-00245,0.3576,5045.35,Steady Core Customers,0,0
CUST-00246,0.1702,7438.97,High-Value Users,0,0
CUST-00247,0.2144,3691.43,Steady Core Customers,0,0
CUST-00248,0.2625,6976.86,High-Value Users,0,0
CUST-00249,0.2492,7828.06,High-Value Users,0,0
CUST-00250,0.3171,4494.99,Steady Core Customers,0,0
CUST-00251,0.5948,4663.93,Steady Core Customers,0,0
CUST-00252,0.2303,6413.97,High-Value Users,0,0
CUST-00253,0.2582,5528.75,High-Value Users,0,0
CUST-00254,0.5003,4118.84,Steady Core Customers,0,0
CUST-00255,0.4876,3876.22,Steady Core Customers,0,0
CUST-00256,0.1965,6541.7,High-Value Users,0,0
CUST-00257,0.2638,5796.86,High-Value Users,0,0
CUST-00258,0.6589,5631.6,High-Value Users,0,1
CUST-00259,0.5534,5632.61,High-Value Users,0,1
CUST-00260,0.3996,3420.69,Steady Core Customers,0,0
CUST-00261,0.3232,5600.16,Steady Core Customers,0,0
CUST-00262,0.2067,8624.19,High-Value Users,0,0
CUST-00263,0.1796,4460.26,Steady Core Customers,0,0
CUST-00264,0.4123,4514.09,Steady Core Customers,0,0
CUST-00265,0.5432,3431.66,Steady Core Customers,0,0
CUST-00266,0.2215,5172.08,Steady Core Customers,0,0
CUST-00267,0.288,5748.18,Steady Core Customers,0,0
CUST-00268,0.5772,4544.95,High-Value Users,0,0
CUST-00269,0.6213,5356.93,High-Value Users,0,1
CUST-00270,0.4409,3691.48,Steady Core Customers,0,0
CUST-00271,0.1887,6676.27,High-Value Users,0,0
CUST-00272,0.3758,3437.66,Steady Core Customers,1,0
CUST-00273,0.3308,5397.7,High-Value Users,0,0
CUST-00274,0.2199,8674.0,High-Value Users,0,0
CUST-00275,0.226,4433.54,Steady Core Customers,0,0
CUST-00276,0.2628,4941.97,Steady Core Customers,0,0
CUST-00277,0.393,3010.86,Steady Core Customers,0,0
CUST-00278,0.6055,5705.31,High-Value Users,0,1
CUST-00279,0.3027,7601.89,High-Value Users,0,0
CUST-00280,0.1655,6141.28,Steady Core Customers,0,0
CUST-00281,0.2708,4888.79,Steady Core Customers,0,0
CUST-00282,0.1915,3864.52,Steady Core Customers,0,0
CUST-00283,0.5553,4175.55,Steady Core Customers,0,0
CUST-00284,0.5212,2854.56,Steady Core Customers,0,0
CUST-00285,0.5257,5645.96,High-Value Users,0,1
CUST-00286,0.2299,7489.46,High-Value Users,0,0
CUST-00287,0.6286,5380.31,High-Value Users,0,1
CUST-00288,0.231,6213.89,High-Value Users,0,0
CUST-00289,0.1893,6927.18,High-Value Users,0,0
CUST-00290,0.2606,5691.73,Steady Core Customers,0,0
CUST-00291,0.2852,7266.09,High-Value Users,0,0
CUST-00292,0.2482,7988.21,High-Value Users,0,0
CUST-00293,0.436,3501.71,Steady Core Customers,0,0
CUST-00294,0.1986,5708.09,Steady Core Customers,0,0
CUST-00295,0.6023,5850.24,High-Value Users,0,1
CUST-00296,0.4507,5572.97,High-Value Users,0,0
CUST-00297,0.2301,6152.28,Steady Core Customers,0,0
CUST-00298,0.2966,6843.43,High-Value Users,0,0
CUST-00299,0.5986,6290.77,High-Value Users,0,1
CUST-00300,0.486,4814.75,High-Value Users,0,0
CUST-00301,0.6775,4335.64,Steady Core Customers,0,0
CUST-00302,0.209,5909.29,High-Value Users,0,0
CUST-00303,0.2916,6731.46,High-Value Users,0,0
CUST-00304,0.5243,4469.23,High-Value Users,0,0
CUST-00305,0.2909,6504.3,High-Value Users,0,0
CUST-00306,0.2465,8941.77,High-Value Users,0,0
CUST-00307,0.2451,7462.59,High-Value Users,0,0
CUST-00308,0.6296,5098.92,High-Value Users,0,0
CUST-00309,0.2516,5421.23,Steady Core Customers,0,0
CUST-00310,0.5349,3508.78,Steady Core Customers,0,0
CUST-00311,0.5589,5804.7,High-Value Users,0,1
CUST-00312,0.3729,3369.22,Steady Core Customers,0,0
CUST-00313,0.5372,3757.86,Steady Core Customers,0,0
CUST-00314,0.2586,4777.24,Steady Core Customers,0,0
CUST-00315,0.6441,4763.05,High-Value Users,0,0
CUST-00316,0.5286,6108.83,High-Value Users,0,1
CUST-00317,0.4364,4880.25,Steady Core Customers,0,0
CUST-00318,0.5334,5534.31,High-Value Users,0,1
CUST-00319,0.323,6766.75,High-Value Users,0,0
CUST-00320,0.5488,4678.16,Steady Core Customers,0,0
CUST-00321,0.5164,4788.16,Steady Core Customers,0,0
CUST-00322,0.2157,5558.21,Steady Core Customers,0,0
CUST-00323,0.586,5860.04,High-Value Users,0,1
CUST-00324,0.3146,10218.09,High-Value Users,1,0
CUST-00325,0.4034,5004.5,Steady Core Customers,0,0
CUST-00326,0.258,4727.16,Steady Core Customers,0,0
CUST-00327,0.2886,3644.1,Steady Core Customers,0,0
CUST-00328,0.6045,6831.56,High-Value Users,0,1
CUST-00329,0.2061,7492.97,High-Value Users,0,0
CUST-00330,0.4094,9488.0,High-Value Users,0,0
CUST-00331,0.6562,4553.22,High-Value Users,0,0
CUST-00332,0.1885,7913.54,High-Value Users,0,0
CUST-00333,0.5473,4980.71,Steady Core Customers,0,0
CUST-00334,0.1452,6473.28,Steady Core Customers,0,0
CUST-00335,0.2461,3926.86,Steady Core Customers,0,0
CUST-00336,0.5216,4590.56,High-Value Users,0,0
CUST-00337,0.2132,4907.73,Steady Core Customers,0,0
CUST-00338,0.2584,4532.82,Steady Core Customers,0,0
CUST-00339,0.2601,4777.74,Steady Core Customers,0,0
CUST-00340,0.585,6579.4,High-Value Users,0,1
CUST-00341,0.3189,5105.68,Steady Core Customers,0,0
CUST-00342,0.3438,2989.05,Steady Core Customers,1,0
CUST-00343,0.4161,4079.51,Steady Core Customers,0,0
CUST-00344,0.1525,6128.05,High-Value Users,0,0
CUST-00345,0.3169,4117.81,Steady Core Customers,0,0
CUST-00346,0.2997,8252.19,High-Value Users,0,0
CUST-00347,0.3042,4388.96,Steady Core Customers,0,0
CUST-00348,0.7104,5836.47,High-Value Users,0,1
CUST-00349,0.2878,6801.26,High-Value Users,0,0
CUST-00350,0.3803,5363.62,Steady Core Customers,0,0
CUST-00351,0.5682,5316.47,High-Value Users,0,1
CUST-00352,0.5899,3601.51,Steady Core Customers,0,0
CUST-00353,0.6676,3259.62,Steady Core Customers,0,0
CUST-00354,0.2631,7176.49,High-Value Users,0,0
CUST-00355,0.4059,3303.04,Steady Core Customers,0,0
CUST-00356,0.2618,6449.63,Steady Core Customers,0,0
CUST-00357,0.1743,6349.42,High-Value Users,0,0
CUST-00358,0.229,5474.04,Steady Core Customers,0,0
CUST-00359,0.6927,5421.46,High-Value Users,0,1
CUST-00360,0.2034,4595.89,Steady Core Customers,0,0
CUST-00361,0.5186,5985.48,High-Value Users,0,1
CUST-00362,0.2893,6206.23,High-Value Users,0,0
CUST-00363,0.6397,5477.7,High-Value Users,0,1
CUST-00364,0.2248,6228.78,High-Value Users,0,0
CUST-00365,0.5806,6778.64,High-Value Users,0,1
CUST-00366,0.7122,4997.9,High-Value Users,0,0
CUST-00367,0.1835,6559.2,Steady Core Customers,0,0
CUST-00368,0.649,6163.97,High-Value Users,0,1
CUST-00369,0.1778,4852.4,Steady Core Customers,0,0
CUST-00370,0.1771,8139.2,High-Value Users,0,0
CUST-00371,0.6291,5564.93,High-Value Users,0,1
CUST-00372,0.5436,4713.87,Steady Core Customers,0,0
CUST-00373,0.2295,4826.1,Steady Core Customers,0,0
CUST-00374,0.2395,3951.51,Steady Core Customers,0,0
CUST-00375,0.2086,3841.17,Steady Core Customers,0,0
CUST-00376,0.5899,6800.6,High-Value Users,1,1
CUST-00377,0.2481,3815.37,Steady Core Customers,0,0
CUST-00378,0.6725,5190.41,High-Value Users,0,0
CUST-00379,0.2176,2741.0,Steady Core Customers,0,0
CUST-00380,0.2419,3601.55,Steady Core Customers,0,0
CUST-00381,0.3221,6147.61,Steady Core Customers,0,0
CUST-00382,0.5483,6560.39,High-Value Users,0,1
CUST-00383,0.4638,4101.66,Steady Core Customers,0,0
CUST-00384,0.5787,4518.8,Steady Core Customers,0,0
CUST-00385,0.5751,5576.84,High-Value Users,0,1
CUST-00386,0.5733,5394.01,High-Value Users,0,1
CUST-00387,0.1898,4271.36,Steady Core Customers,0,0
CUST-00388,0.4032,4808.68,Steady Core Customers,0,0
CUST-00389,0.5881,6282.32,High-Value Users,0,1
CUST-00390,0.3907,8500.67,High-Value Users,0,0
CUST-00391,0.574,3359.69,Steady Core Customers,0,0
CUST-00392,0.5902,4948.98,Steady Core Customers,0,0
CUST-00393,0.2241,9169.12,High-Value Users,0,0
CUST-00394,0.3915,4288.28,Steady Core Customers,0,0
CUST-00395,0.4048,4179.21,Steady Core Customers,0,0
CUST-00396,0.3039,5666.8,High-Value Users,0,0
CUST-00397,0.5276,2886.48,Steady Core Customers,0,0
CUST-00398,0.6692,6267.49,High-Value Users,0,1
CUST-00399,0.7278,6087.62,High-Value Users,0,1
CUST-00400,0.5204,2600.11,Steady Core Customers,1,0
CUST-00401,0.1997,6822.52,High-Value Users,0,0
CUST-00402,0.6499,4433.06,Steady Core Customers,0,0
CUST-00403,0.5994,4824.33,Steady Core Customers,0,0
CUST-00404,0.5713,5480.52,High-Value Users,0,1
CUST-00405,0.2446,8303.11,High-Value Users,0,0
CUST-00406,0.5846,5351.4,High-Value Users,0,1
CUST-00407,0.2958,7204.02,High-Value Users,0,0
CUST-00408,0.5061,3676.29,Steady Core Customers,0,0
CUST-00409,0.3064,10302.36,High-Value Users,0,0
CUST-00410,0.555,4793.56,Steady Core Customers,0,0
CUST-00411,0.5141,3751.66,Steady Core Customers,0,0
CUST-00412,0.6856,5315.45,High-Value Users,0,1
CUST-00413,0.587,3296.91,Steady Core Customers,0,0
CUST-00414,0.3059,3536.56,Steady Core Customers,0,0
CUST-00415,0.3768,4887.32,Steady Core Customers,0,0
CUST-00416,0.2381,4606.78,Steady Core Customers,0,0
CUST-00417,0.6284,3985.63,Steady Core Customers,0,0
CUST-00418,0.2684,8269.84,High-Value Users,0,0
CUST-00419,0.4294,2271.3,Steady Core Customers,0,0
CUST-00420,0.2012,8743.45,High-Value Users,0,0
CUST-00421,0.3159,5381.57,Steady Core Customers,0,0
CUST-00422,0.3888,7921.77,High-Value Users,0,0
CUST-00423,0.2923,3935.71,Steady Core Customers,0,0
CUST-00424,0.2422,6657.33,High-Value Users,0,0
CUST-00425,0.2962,2686.61,Steady Core Customers,0,0
CUST-00426,0.5472,4627.47,Steady Core Customers,0,0
CUST-00427,0.2459,6237.64,High-Value Users,0,0
CUST-00428,0.6933,4480.55,Steady Core Customers,0,0
CUST-00429,0.5039,5901.51,High-Value Users,0,1
CUST-00430,0.2816,7261.69,High-Value Users,0,0
CUST-00431,0.6333,2316.45,Steady Core Customers,1,0
CUST-00432,0.2562,5940.54,High-Value Users,0,0
CUST-00433,0.5888,5552.37,High-Value Users,0,1
CUST-00434,0.3706,4077.77,Steady Core Customers,0,0
CUST-00435,0.1883,10373.0,High-Value Users,1,0
CUST-00436,0.6333,6222.57,High-Value Users,0,1
CUST-00437,0.284,5701.65,Steady Core Customers,0,0
CUST-00438,0.2955,4468.11,Steady Core Customers,0,0
CUST-00439,0.1787,4911.44,Steady Core Customers,0,0
CUST-00440,0.6631,4195.72,Steady Core Customers,0,0
CUST-00441,0.2179,5368.82,High-Value Users,0,0
CUST-00442,0.6545,4116.53,Steady Core Customers,0,0
CUST-00443,0.6314,3834.5,Steady Core Customers,0,0
CUST-00444,0.6577,4785.82,High-Value Users,0,0
CUST-00445,0.5309,6076.53,High-Value Users,0,1
CUST-00446,0.6097,5674.75,High-Value Users,0,1
CUST-00447,0.6376,3829.06,Steady Core Customers,0,0
CUST-00448,0.6742,4074.29,Steady Core Customers,0,0
CUST-00449,0.2837,4532.96,Steady Core Customers,0,0
CUST-00450,0.6204,4159.76,Steady Core Customers,0,0
CUST-00451,0.5105,4355.29,Steady Core Customers,0,0
CUST-00452,0.4225,6689.66,High-Value Users,0,0
CUST-00453,0.5771,5002.09,High-Value Users,0,0
CUST-00454,0.2266,5308.47,Steady Core Customers,0,0
CUST-00455,0.1955,7083.14,High-Value Users,0,0
CUST-00456,0.3625,5409.09,Steady Core Customers,1,0
CUST-00457,0.2346,4505.76,Steady Core Customers,0,0
CUST-00458,0.5747,5369.81,High-Value Users,0,1
CUST-00459,0.1675,4269.1,Steady Core Customers,0,0
CUST-00460,0.3886,6600.65,High-Value Users,0,0
CUST-00461,0.6686,3419.8,Steady Core Customers,1,0
CUST-00462,0.4531,3886.69,Steady Core Customers,0,0
CUST-00463,0.5091,5145.16,High-Value Users,0,0
CUST-00464,0.2049,5128.52,Steady Core Customers,0,0
CUST-00465,0.6273,5559.45,High-Value Users,0,1
CUST-00466,0.537,6224.55,High-Value Users,0,1
CUST-00467,0.6737,3994.34,Steady Core Customers,0,0
CUST-00468,0.1459,3265.25,Steady Core Customers,0,0
CUST-00469,0.2459,6754.27,High-Value Users,0,0
CUST-00470,0.2708,5057.37,Steady Core Customers,0,0
CUST-00471,0.2567,7215.45,High-Value Users,0,0
CUST-00472,0.2176,6897.86,High-Value Users,0,0
CUST-00473,0.4798,6698.25,High-Value Users,0,0
CUST-00474,0.4652,4969.14,High-Value Users,0,0
CUST-00475,0.6089,5604.45,High-Value Users,0,1
CUST-00476,0.5766,4876.26,Steady Core Customers,0,0
CUST-00477,0.3875,6623.89,High-Value Users,0,0
CUST-00478,0.5453,5313.25,High-Value Users,0,0
CUST-00479,0.5666,3887.61,Steady Core Customers,0,0
CUST-00480,0.2745,6515.12,High-Value Users,0,0
CUST-00481,0.5368,5150.77,Steady Core Customers,0,0
CUST-00482,0.4756,5127.57,High-Value Users,0,0
CUST-00483,0.529,4824.35,High-Value Users,0,0
CUST-00484,0.2431,3952.29,Steady Core Customers,0,0
CUST-00485,0.4449,4984.0,Steady Core Customers,0,0
CUST-00486,0.5235,7106.21,High-Value Users,0,1
CUST-00487,0.6551,4191.79,High-Value Users,1,0
CUST-00488,0.2406,6470.48,High-Value Users,0,0
CUST-00489,0.7265,5596.81,High-Value Users,0,1
CUST-00490,0.4461,4314.34,Steady Core Customers,0,0
CUST-00491,0.1909,6892.7,High-Value Users,0,0
CUST-00492,0.2128,5162.83,Steady Core Customers,0,0
CUST-00493,0.5092,3301.79,Steady Core Customers,0,0
CUST-00494,0.5333,4513.66,Steady Core Customers,0,0
CUST-00495,0.4753,5126.58,High-Value Users,0,0
CUST-00496,0.41,4900.17,Steady Core Customers,0,0
CUST-00497,0.3508,4238.98,Steady Core Customers,0,0
CUST-00498,0.3119,7435.49,High-Value Users,0,0
CUST-00499,0.3392,4091.94,Steady Core Customers,0,0
CUST-00500,0.1451,4234.75,Steady Core Customers,0,0
CUST-00501,0.6197,5511.51,High-Value Users,0,1
CUST-00502,0.2363,6071.08,Steady Core Customers,0,0
CUST-00503,0.4061,3313.17,Steady Core Customers,0,0
CUST-00504,0.3121,5998.35,High-Value Users,0,0
CUST-00505,0.5179,4303.32,Steady Core Customers,0,0
CUST-00506,0.1858,3836.3,Steady Core Customers,0,0
CUST-00507,0.2452,5632.85,Steady Core Customers,0,0
CUST-00508,0.2084,5356.7,Steady Core Customers,0,0
CUST-00509,0.3311,5405.03,Steady Core Customers,0,0
CUST-00510,0.6157,5503.48,High-Value Users,0,1
CUST-00511,0.5035,5542.58,High-Value Users,0,1
CUST-00512,0.3446,3799.41,Steady Core Customers,0,0
CUST-00513,0.2373,5729.02,Steady Core Customers,0,0
CUST-00514,0.2689,4942.07,Steady Core Customers,0,0
CUST-00515,0.4589,2935.08,Steady Core Customers,0,0
CUST-00516,0.4811,4224.26,Steady Core Customers,0,0
CUST-00517,0.2362,3690.61,Steady Core Customers,0,0
CUST-00518,0.197,7671.85,High-Value Users,0,0
CUST-00519,0.4325,3462.84,Steady Core Customers,0,0
CUST-00520,0.4999,5201.87,High-Value Users,0,0
CUST-00521,0.2536,5130.63,Steady Core Customers,0,0
CUST-00522,0.5967,6843.13,High-Value Users,0,1
CUST-00523,0.5335,5787.13,High-Value Users,0,1
CUST-00524,0.6277,5575.86,High-Value Users,0,1
CUST-00525,0.7271,5148.29,Steady Core Customers,0,0
CUST-00526,0.5503,5901.86,High-Value Users,0,1
CUST-00527,0.3591,5397.79,Steady Core Customers,0,0
CUST-00528,0.2495,6634.41,High-Value Users,0,0
CUST-00529,0.2599,5392.38,High-Value Users,0,0
CUST-00530,0.2779,4854.16,Steady Core Customers,0,0
CUST-00531,0.635,3989.56,Steady Core Customers,1,0
CUST-00532,0.5394,4980.1,High-Value Users,0,0
CUST-00533,0.5171,5695.65,High-Value Users,0,1
CUST-00534,0.5247,4886.28,High-Value Users,0,0
CUST-00535,0.178,5622.84,Steady Core Customers,0,0
CUST-00536,0.6552,6003.43,High-Value Users,0,1
CUST-00537,0.3656,4190.87,Steady Core Customers,0,0
CUST-00538,0.3831,4032.54,Steady Core Customers,0,0
CUST-00539,0.5861,3421.77,Steady Core Customers,0,0
CUST-00540,0.5858,3715.27,Steady Core Customers,0,0
CUST-00541,0.683,5960.17,High-Value Users,0,1
CUST-00542,0.2094,6810.25,High-Value Users,0,0
CUST-00543,0.2347,8148.81,High-Value Users,0,0
CUST-00544,0.5024,5144.81,High-Value Users,0,0
CUST-00545,0.2141,5734.66,High-Value Users,0,0
CUST-00546,0.3082,5793.75,High-Value Users,0,0
CUST-00547,0.6591,5207.69,High-Value Users,0,0
CUST-00548,0.4409,7731.08,High-Value Users,0,0
CUST-00549,0.6039,5200.96,High-Value Users,0,0
CUST-00550,0.5053,5398.73,High-Value Users,0,1
CUST-00551,0.2068,6628.24,High-Value Users,0,0
CUST-00552,0.5636,4981.23,High-Value Users,0,0
CUST-00553,0.6633,5558.31,High-Value Users,0,1
CUST-00554,0.2748,6462.15,Steady Core Customers,0,0
CUST-00555,0.5442,7213.28,High-Value Users,0,1
CUST-00556,0.2359,4670.34,Steady Core Customers,0,0
CUST-00557,0.7353,4659.37,Steady Core Customers,0,0
CUST-00558,0.6012,4332.06,Steady Core Customers,0,0
CUST-00559,0.6112,4341.45,Steady Core Customers,0,0
CUST-00560,0.6186,3656.83,Steady Core Customers,0,0
CUST-00561,0.7304,3993.85,Steady Core Customers,0,0
CUST-00562,0.3068,7314.67,High-Value Users,0,0
CUST-00563,0.2731,7841.1,High-Value Users,0,0
CUST-00564,0.2038,5096.68,Steady Core Customers,0,0
CUST-00565,0.714,4318.84,Steady Core Customers,0,0
CUST-00566,0.246,7879.51,High-Value Users,0,0
CUST-00567,0.6314,5550.07,High-Value Users,0,1
CUST-00568,0.2261,10510.87,High-Value Users,0,0
CUST-00569,0.1976,6400.18,High-Value Users,0,0
CUST-00570,0.378,7938.64,High-Value Users,1,0
CUST-00571,0.5665,7088.46,High-Value Users,0,1
CUST-00572,0.2031,2720.19,Steady Core Customers,0,0
CUST-00573,0.375,7071.14,High-Value Users,0,0
CUST-00574,0.5985,6278.46,High-Value Users,0,1
CUST-00575,0.2725,3589.52,Steady Core Customers,0,0
CUST-00576,0.512,5538.14,High-Value Users,0,1
CUST-00577,0.6005,5412.55,High-Value Users,0,1
CUST-00578,0.2014,6448.18,High-Value Users,0,0
CUST-00579,0.3122,6818.32,High-Value Users,0,0
CUST-00580,0.4074,5048.29,Steady Core Customers,0,0
CUST-00581,0.5871,2257.46,Steady Core Customers,0,0
CUST-00582,0.4202,6211.3,High-Value Users,0,0
CUST-00583,0.6369,6821.98,High-Value Users,0,1
CUST-00584,0.5017,3814.78,Steady Core Customers,0,0
CUST-00585,0.6096,4797.8,Steady Core Customers,0,0
CUST-00586,0.2251,5221.3,Steady Core Customers,0,0
CUST-00587,0.4581,4120.68,Steady Core Customers,0,0
CUST-00588,0.4888,4498.98,Steady Core Customers,0,0
CUST-00589,0.5398,5919.44,High-Value Users,0,1
CUST-00590,0.4331,5693.66,High-Value Users,0,0
CUST-00591,0.539,6802.77,High-Value Users,0,1
CUST-00592,0.5496,3612.25,Steady Core Customers,1,0
CUST-00593,0.5706,3265.2,Steady Core Customers,0,0
CUST-00594,0.4148,4370.78,Steady Core Customers,0,0
CUST-00595,0.2475,5464.99,High-Value Users,0,0
CUST-00596,0.2222,5983.83,High-Value Users,0,0
CUST-00597,0.5701,4238.41,Steady Core Customers,0,0
CUST-00598,0.6823,3856.45,Steady Core Customers,0,0
CUST-00599,0.3728,4088.79,Steady Core Customers,0,0
CUST-00600,0.5764,4949.62,Steady Core Customers,0,0
CUST-00601,0.215,7300.59,High-Value Users,0,0
CUST-00602,0.2884,7554.08,High-Value Users,0,0
CUST-00603,0.561,4552.15,Steady Core Customers,0,0
CUST-00604,0.499,6268.72,High-Value Users,0,0
CUST-00605,0.4694,4520.02,Steady Core Customers,0,0
CUST-00606,0.5277,5847.7,High-Value Users,0,1
CUST-00607,0.2346,3958.23,Steady Core Customers,0,0
CUST-00608,0.5772,5091.84,High-Value Users,0,0
CUST-00609,0.4627,7676.62,High-Value Users,1,0
CUST-00610,0.5868,3597.87,Steady Core Customers,0,0
CUST-00611,0.6022,6577.54,High-Value Users,0,1
CUST-00612,0.673,3220.95,Steady Core Customers,0,0
CUST-00613,0.6704,5627.26,High-Value Users,0,1
CUST-00614,0.4103,3961.77,Steady Core Customers,0,0
CUST-00615,0.707,5443.88,High-Value Users,0,1
CUST-00616,0.1552,7265.75,High-Value Users,0,0
CUST-00617,0.4936,5616.56,High-Value Users,0,0
CUST-00618,0.5771,4674.41,Steady Core Customers,0,0
CUST-00619,0.1781,9050.17,High-Value Users,1,0
CUST-00620,0.4753,4966.17,Steady Core Customers,0,0
CUST-00621,0.2495,5542.95,High-Value Users,0,0
CUST-00622,0.1761,6362.5,High-Value Users,0,0
CUST-00623,0.4049,6716.97,High-Value Users,0,0
CUST-00624,0.6067,4126.71,Steady Core Customers,0,0
CUST-00625,0.2965,5739.65,Steady Core Customers,0,0
CUST-00626,0.6259,4745.33,Steady Core Customers,0,0
CUST-00627,0.4001,3563.92,Steady Core Customers,0,0
CUST-00628,0.4102,7455.0,High-Value Users,0,0
CUST-00629,0.6764,4018.84,Steady Core Customers,0,0
CUST-00630,0.2226,5582.91,Steady Core Customers,0,0
CUST-00631,0.1789,8035.18,High-Value Users,0,0
CUST-00632,0.2735,10168.89,High-Value Users,0,0
CUST-00633,0.2589,6836.88,High-Value Users,0,0
CUST-00634,0.438,5352.98,Steady Core Customers,0,0
CUST-00635,0.4623,6771.35,High-Value Users,0,0
CUST-00636,0.3007,6117.94,Steady Core Customers,0,0
CUST-00637,0.1509,4522.9,Steady Core Customers,0,0
CUST-00638,0.2226,4514.78,Steady Core Customers,0,0
CUST-00639,0.2696,4956.81,Steady Core Customers,0,0
CUST-00640,0.2877,5067.6,Steady Core Customers,0,0
CUST-00641,0.5941,3941.61,Steady Core Customers,0,0
CUST-00642,0.1629,4844.1,Steady Core Customers,0,0
CUST-00643,0.5138,3883.91,Steady Core Customers,0,0
CUST-00644,0.5879,3287.4,Steady Core Customers,0,0
CUST-00645,0.5433,5862.15,High-Value Users,0,1
CUST-00646,0.23,5353.44,Steady Core Customers,0,0
CUST-00647,0.2503,5468.54,High-Value Users,0,0
CUST-00648,0.4428,4281.9,Steady Core Customers,0,0
CUST-00649,0.6079,4240.63,Steady Core Customers,0,0
CUST-00650,0.4937,3980.52,Steady Core Customers,0,0
CUST-00651,0.493,4112.31,Steady Core Customers,0,0
CUST-00652,0.435,3914.17,Steady Core Customers,0,0
CUST-00653,0.2451,5581.13,High-Value Users,0,0
CUST-00654,0.4004,5100.58,Steady Core Customers,0,0
CUST-00655,0.5558,5416.18,High-Value Users,0,1
CUST-00656,0.4243,2299.41,Steady Core Customers,0,0
CUST-00657,0.5414,4802.91,High-Value Users,0,0
CUST-00658,0.1746,5296.31,Steady Core Customers,0,0
CUST-00659,0.6027,4762.43,High-Value Users,0,0
CUST-00660,0.4173,5420.86,High-Value Users,0,0
CUST-00661,0.2893,4431.7,Steady Core Customers,0,0
CUST-00662,0.5598,4916.64,Steady Core Customers,0,0
CUST-00663,0.2281,8566.44,High-Value Users,0,0
CUST-00664,0.2348,8136.09,High-Value Users,0,0
CUST-00665,0.2036,4981.92,Steady Core Customers,0,0
CUST-00666,0.1715,4775.58,Steady Core Customers,0,0
CUST-00667,0.6069,5082.8,Steady Core Customers,0,0
CUST-00668,0.4882,5251.79,High-Value Users,0,0
CUST-00669,0.5797,4932.05,Steady Core Customers,0,0
CUST-00670,0.6159,3469.54,Steady Core Customers,0,0
CUST-00671,0.5982,5373.72,Steady Core Customers,0,1
CUST-00672,0.6944,3355.28,Steady Core Customers,0,0
CUST-00673,0.5236,4490.41,Steady Core Customers,0,0
CUST-00674,0.5414,5313.38,High-Value Users,0,0
CUST-00675,0.2114,5526.01,Steady Core Customers,0,0
CUST-00676,0.5309,7016.89,High-Value Users,0,1
CUST-00677,0.4568,4601.85,Steady Core Customers,0,0
CUST-00678,0.5699,6197.21,High-Value Users,0,1
CUST-00679,0.2915,8286.75,High-Value Users,0,0
CUST-00680,0.4368,5426.28,Steady Core Customers,0,0
CUST-00681,0.1955,8110.93,High-Value Users,0,0
CUST-00682,0.6358,5142.43,High-Value Users,0,0
CUST-00683,0.6274,3076.98,Steady Core Customers,0,0
CUST-00684,0.2584,6883.04,High-Value Users,0,0
CUST-00685,0.5227,5676.94,High-Value Users,0,1
CUST-00686,0.681,4182.36,Steady Core Customers,0,0
CUST-00687,0.6011,3277.25,Steady Core Customers,0,0
CUST-00688,0.4904,5358.3,High-Value Users,0,0
CUST-00689,0.3657,3664.63,Steady Core Customers,0,0
CUST-00690,0.5574,4468.67,Steady Core Customers,0,0
CUST-00691,0.486,4904.35,Steady Core Customers,0,0
CUST-00692,0.2157,6302.74,High-Value Users,0,0
CUST-00693,0.4985,3899.93,Steady Core Customers,0,0
CUST-00694,0.5898,5774.98,High-Value Users,0,1
CUST-00695,0.2094,5437.41,Steady Core Customers,0,0
CUST-00696,0.5264,3479.04,Steady Core Customers,0,0
CUST-00697,0.1895,4510.21,Steady Core Customers,0,0
CUST-00698,0.4019,5796.79,High-Value Users,0,0
CUST-00699,0.3113,4884.22,Steady Core Customers,0,0
CUST-00700,0.2031,7359.62,High-Value Users,0,0
CUST-00701,0.6919,2027.6,Steady Core Customers,1,0
CUST-00702,0.2031,5500.16,Steady Core Customers,0,0
CUST-00703,0.4245,6208.35,High-Value Users,0,0
CUST-00704,0.2396,5417.25,Steady Core Customers,0,0
CUST-00705,0.634,2997.67,Steady Core Customers,0,0
CUST-00706,0.5589,5515.97,High-Value Users,0,1
CUST-00707,0.4568,4721.34,Steady Core Customers,0,0
CUST-00708,0.2379,7441.93,High-Value Users,0,0
CUST-00709,0.6679,5698.46,High-Value Users,1,1
CUST-00710,0.6204,4118.17,Steady Core Customers,0,0
CUST-00711,0.2226,7451.12,High-Value Users,0,0
CUST-00712,0.734,3847.07,Steady Core Customers,0,0
CUST-00713,0.2633,5416.89,Steady Core Customers,0,0
CUST-00714,0.3367,3113.38,Steady Core Customers,0,0
CUST-00715,0.3067,4516.18,Steady Core Customers,0,0
CUST-00716,0.5013,4762.23,Steady Core Customers,0,0
CUST-00717,0.5653,3997.23,Steady Core Customers,0,0
CUST-00718,0.5907,6046.91,High-Value Users,0,1
CUST-00719,0.5589,4896.05,High-Value Users,0,0
CUST-00720,0.573,3593.11,Steady Core Customers,0,0
CUST-00721,0.6061,4583.51,High-Value Users,0,0
CUST-00722,0.241,5589.17,Steady Core Customers,0,0
CUST-00723,0.7334,6345.3,High-Value Users,0,1
CUST-00724,0.6564,4464.87,Steady Core Customers,1,0
CUST-00725,0.6597,4506.89,High-Value Users,0,0
CUST-00726,0.6029,4813.66,Steady Core Customers,0,0
CUST-00727,0.163,6913.83,High-Value Users,0,0
CUST-00728,0.5299,3888.52,Steady Core Customers,0,0
CUST-00729,0.1763,3997.38,Steady Core Customers,0,0
CUST-00730,0.2804,7683.08,High-Value Users,0,0
CUST-00731,0.1836,5331.63,Steady Core Customers,0,0
CUST-00732,0.2043,5177.93,Steady Core Customers,0,0
CUST-00733,0.4084,5232.65,Steady Core Customers,0,0
CUST-00734,0.1244,6188.93,Steady Core Customers,0,0
CUST-00735,0.2669,3617.31,Steady Core Customers,1,0
CUST-00736,0.3039,4154.43,Steady Core Customers,0,0
CUST-00737,0.6414,4581.35,Steady Core Customers,0,0
CUST-00738,0.5845,6393.32,High-Value Users,0,1
CUST-00739,0.1631,4712.27,Steady Core Customers,0,0
CUST-00740,0.6115,5632.41,High-Value Users,0,1
CUST-00741,0.3466,5493.09,High-Value Users,0,0
CUST-00742,0.502,4757.18,Steady Core Customers,0,0
CUST-00743,0.5986,5669.88,High-Value Users,0,1
CUST-00744,0.6352,5043.08,High-Value Users,0,0
CUST-00745,0.5814,5371.79,High-Value Users,0,1
CUST-00746,0.5339,3399.56,Steady Core Customers,0,0
CUST-00747,0.2881,5508.96,Steady Core Customers,0,0
CUST-00748,0.2789,6957.93,High-Value Users,0,0
CUST-00749,0.2171,3208.34,Steady Core Customers,0,0
CUST-00750,0.2528,4447.43,Steady Core Customers,0,0
CUST-00751,0.219,3690.76,Steady Core Customers,0,0
CUST-00752,0.3814,5781.84,High-Value Users,0,0
CUST-00753,0.3013,7509.75,High-Value Users,0,0
CUST-00754,0.319,9196.6,High-Value Users,0,0
CUST-00755,0.2582,6513.97,High-Value Users,0,0
CUST-00756,0.5152,4517.11,Steady Core Customers,0,0
CUST-00757,0.2078,4849.15,Steady Core Customers,0,0
CUST-00758,0.4969,5023.82,High-Value Users,0,0
CUST-00759,0.5655,5791.26,High-Value Users,0,1
CUST-00760,0.3033,4796.32,Steady Core Customers,0,0
CUST-00761,0.206,8100.51,High-Value Users,0,0
CUST-00762,0.4912,5432.86,High-Value Users,0,0
CUST-00763,0.5937,4913.64,High-Value Users,0,0
CUST-00764,0.2539,5881.85,Steady Core Customers,0,0
CUST-00765,0.631,4198.93,Steady Core Customers,0,0
CUST-00766,0.5935,4406.74,Steady Core Customers,0,0
CUST-00767,0.3695,3887.32,Steady Core Customers,0,0
CUST-00768,0.1839,6140.18,Steady Core Customers,0,0
CUST-00769,0.5146,3913.45,Steady Core Customers,0,0
CUST-00770,0.5,6179.57,High-Value Users,1,1
CUST-00771,0.5615,4223.56,Steady Core Customers,0,0
CUST-00772,0.5772,5352.01,High-Value Users,0,1
CUST-00773,0.2447,6150.54,Steady Core Customers,0,0
CUST-00774,0.2106,3626.05,Steady Core Customers,0,0
CUST-00775,0.6386,3283.59,Steady Core Customers,0,0
CUST-00776,0.5058,3885.15,Steady Core Customers,0,0
CUST-00777,0.5653,4516.3,Steady Core Customers,0,0
CUST-00778,0.4842,4020.67,Steady Core Customers,0,0
CUST-00779,0.7345,3710.74,Steady Core Customers,0,0
CUST-00780,0.4613,5329.19,High-Value Users,0,0
CUST-00781,0.2308,4222.24,Steady Core Customers,0,0
CUST-00782,0.3848,3259.28,Steady Core Customers,0,0
CUST-00783,0.3425,6284.8,High-Value Users,0,0
CUST-00784,0.4681,3908.85,Steady Core Customers,0,0
CUST-00785,0.2452,6258.08,Steady Core Customers,0,0
CUST-00786,0.2712,7312.57,High-Value Users,0,0
CUST-00787,0.5408,4236.36,Steady Core Customers,0,0
CUST-00788,0.53,5726.83,High-Value Users,0,1
CUST-00789,0.2091,5768.16,High-Value Users,0,0
CUST-00790,0.4847,5385.06,High-Value Users,0,0
CUST-00791,0.6225,3595.78,Steady Core Customers,0,0
CUST-00792,0.5279,5006.21,Steady Core Customers,0,0
CUST-00793,0.3042,4912.24,Steady Core Customers,0,0
CUST-00794,0.6363,5834.85,High-Value Users,0,1
CUST-00795,0.5391,4393.09,High-Value Users,0,0
CUST-00796,0.5061,4457.61,Steady Core Customers,0,0
CUST-00797,0.2837,5631.83,Steady Core Customers,0,0
CUST-00798,0.5087,3674.13,Steady Core Customers,0,0
CUST-00799,0.1834,8308.78,High-Value Users,0,0
CUST-00800,0.3998,6531.03,High-Value Users,0,0
CUST-00801,0.4625,3741.46,Steady Core Customers,0,0
CUST-00802,0.5338,3754.24,Steady Core Customers,0,0
CUST-00803,0.2578,8789.96,High-Value Users,1,0
CUST-00804,0.2057,4424.19,Steady Core Customers,0,0
CUST-00805,0.6089,6035.02,High-Value Users,0,1
CUST-00806,0.5914,5330.21,High-Value Users,0,1
CUST-00807,0.6163,4588.54,High-Value Users,0,0
CUST-00808,0.4452,6157.16,High-Value Users,0,0
CUST-00809,0.7073,4549.77,Steady Core Customers,0,0
CUST-00810,0.681,6674.55,High-Value Users,0,1
CUST-00811,0.6397,5120.91,Steady Core Customers,0,0
CUST-00812,0.1389,5907.23,Steady Core Customers,0,0
CUST-00813,0.257,5518.91,Steady Core Customers,0,0
CUST-00814,0.2219,7395.93,High-Value Users,0,0
CUST-00815,0.2329,5795.51,High-Value Users,0,0
CUST-00816,0.2788,6519.61,High-Value Users,0,0
CUST-00817,0.6192,3308.64,Steady Core Customers,0,0
CUST-00818,0.3572,7150.67,High-Value Users,0,0
CUST-00819,0.6378,3182.93,Steady Core Customers,0,0
CUST-00820,0.3486,3005.92,Steady Core Customers,0,0
CUST-00821,0.3187,7536.2,High-Value Users,0,0
CUST-00822,0.2535,7342.31,High-Value Users,1,0
CUST-00823,0.5588,5678.62,High-Value Users,0,1
CUST-00824,0.3244,7109.17,High-Value Users,0,0
CUST-00825,0.5495,5391.25,High-Value Users,0,1
CUST-00826,0.4228,4340.93,Steady Core Customers,0,0
CUST-00827,0.6562,4527.2,Steady Core Customers,0,0
CUST-00828,0.4597,5409.43,High-Value Users,0,0
CUST-00829,0.1887,6809.99,High-Value Users,0,0
CUST-00830,0.6164,5410.93,High-Value Users,0,1
CUST-00831,0.6951,3718.02,Steady Core Customers,0,0
CUST-00832,0.2997,6192.63,High-Value Users,0,0
CUST-00833,0.3955,3881.06,Steady Core Customers,0,0
CUST-00834,0.6697,3053.09,Steady Core Customers,1,0
CUST-00835,0.6336,6316.76,High-Value Users,0,1
CUST-00836,0.5635,4083.37,Steady Core Customers,0,0
CUST-00837,0.5711,4767.66,High-Value Users,0,0
CUST-00838,0.2798,5465.24,High-Value Users,0,0
CUST-00839,0.2231,5623.28,Steady Core Customers,0,0
CUST-00840,0.4429,3422.67,Steady Core Customers,0,0
CUST-00841,0.6273,4806.46,Steady Core Customers,0,0
CUST-00842,0.6791,3849.23,Steady Core Customers,0,0
CUST-00843,0.1897,7341.69,High-Value Users,0,0
CUST-00844,0.662,6074.95,High-Value Users,0,1
CUST-00845,0.4972,3774.84,Steady Core Customers,0,0
CUST-00846,0.1923,5226.49,Steady Core Customers,1,0
CUST-00847,0.298,4909.51,Steady Core Customers,0,0
CUST-00848,0.652,4958.06,High-Value Users,0,0
CUST-00849,0.5422,3462.26,Steady Core Customers,0,0
CUST-00850,0.5541,5615.29,High-Value Users,0,1
CUST-00851,0.1685,4657.25,Steady Core Customers,0,0
CUST-00852,0.4787,4850.87,Steady Core Customers,0,0
CUST-00853,0.4866,5644.56,High-Value Users,0,0
CUST-00854,0.1635,5137.28,Steady Core Customers,0,0
CUST-00855,0.5121,6277.69,High-Value Users,0,1
CUST-00856,0.5596,4757.07,Steady Core Customers,0,0
CUST-00857,0.239,5792.6,Steady Core Customers,0,0
CUST-00858,0.6845,4715.23,High-Value Users,0,0
CUST-00859,0.1939,7492.04,High-Value Users,0,0
CUST-00860,0.2741,5316.0,Steady Core Customers,0,0
CUST-00861,0.356,5192.81,Steady Core Customers,0,0
CUST-00862,0.3183,9010.16,High-Value Users,0,0
CUST-00863,0.3041,6502.4,High-Value Users,0,0
CUST-00864,0.3261,7203.62,High-Value Users,0,0
CUST-00865,0.2974,8008.78,High-Value Users,0,0
CUST-00866,0.5314,4634.55,Steady Core Customers,0,0
CUST-00867,0.5878,4781.0,Steady Core Customers,0,0
CUST-00868,0.2187,5809.08,High-Value Users,0,0
CUST-00869,0.5922,4890.96,High-Value Users,0,0
CUST-00870,0.44,5022.09,High-Value Users,0,0
CUST-00871,0.5155,5266.98,High-Value Users,0,0
CUST-00872,0.5828,4743.67,Steady Core Customers,0,0
CUST-00873,0.2513,4689.19,Steady Core Customers,0,0
CUST-00874,0.2761,5055.47,Steady Core Customers,0,0
CUST-00875,0.3551,8108.16,High-Value Users,0,0
CUST-00876,0.5354,3346.74,Steady Core Customers,0,0
CUST-00877,0.387,5220.35,High-Value Users,0,0
CUST-00878,0.1329,6242.27,Steady Core Customers,0,0
CUST-00879,0.6172,5738.77,High-Value Users,0,1
CUST-00880,0.3366,5275.48,Steady Core Customers,0,0
CUST-00881,0.4028,5167.43,Steady Core Customers,0,0
CUST-00882,0.6595,5553.66,High-Value Users,0,1
CUST-00883,0.6423,5994.55,Steady Core Customers,0,1
CUST-00884,0.2209,5195.04,Steady Core Customers,0,0
CUST-00885,0.5884,7348.43,High-Value Users,0,1
CUST-00886,0.2618,9018.61,High-Value Users,0,0
CUST-00887,0.2484,5144.93,Steady Core Customers,0,0
CUST-00888,0.6989,5395.56,High-Value Users,0,1
CUST-00889,0.1924,4784.85,Steady Core Customers,0,0
CUST-00890,0.4421,5442.49,High-Value Users,0,0
CUST-00891,0.5561,4864.17,High-Value Users,0,0
CUST-00892,0.1689,8252.11,High-Value Users,0,0
CUST-00893,0.4406,7468.91,High-Value Users,0,0
CUST-00894,0.3176,6569.49,High-Value Users,0,0
CUST-00895,0.2485,3946.23,Steady Core Customers,0,0
CUST-00896,0.7061,5312.17,High-Value Users,0,0
CUST-00897,0.6062,3653.02,Steady Core Customers,0,0
CUST-00898,0.4639,3658.58,Steady Core Customers,0,0
CUST-00899,0.4965,5468.93,High-Value Users,0,0
CUST-00900,0.5448,4914.44,Steady Core Customers,0,0
CUST-00901,0.5048,5453.2,High-Value Users,0,1
CUST-00902,0.3016,8469.59,High-Value Users,1,0
CUST-00903,0.4612,4918.19,Steady Core Customers,0,0
CUST-00904,0.3005,6704.08,High-Value Users,0,0
CUST-00905,0.21,5068.63,Steady Core Customers,0,0
CUST-00906,0.2476,6900.43,High-Value Users,0,0
CUST-00907,0.4141,7237.62,High-Value Users,0,0
CUST-00908,0.1944,7792.95,High-Value Users,0,0
CUST-00909,0.3089,7174.19,High-Value Users,0,0
CUST-00910,0.3718,4903.38,Steady Core Customers,0,0
CUST-00911,0.5392,3787.87,Steady Core Customers,0,0
CUST-00912,0.7401,5838.09,High-Value Users,0,1
CUST-00913,0.2604,5580.89,High-Value Users,0,0
CUST-00914,0.2068,5142.4,Steady Core Customers,1,0
CUST-00915,0.5444,3189.93,Steady Core Customers,1,0
CUST-00916,0.2206,4583.44,Steady Core Customers,0,0
CUST-00917,0.5675,3017.65,Steady Core Customers,0,0
CUST-00918,0.5466,4558.14,High-Value Users,0,0
CUST-00919,0.2827,4874.74,Steady Core Customers,0,0
CUST-00920,0.2943,8468.07,High-Value Users,0,0
CUST-00921,0.2882,6147.9,High-Value Users,0,0
CUST-00922,0.6075,4374.65,Steady Core Customers,0,0
CUST-00923,0.6359,3076.64,Steady Core Customers,0,0
CUST-00924,0.4854,4283.03,Steady Core Customers,0,0
CUST-00925,0.5312,3545.34,Steady Core Customers,0,0
CUST-00926,0.5294,6369.38,High-Value Users,0,1
CUST-00927,0.1335,7332.4,High-Value Users,0,0
CUST-00928,0.4321,6317.78,High-Value Users,0,0
CUST-00929,0.4231,8056.6,High-Value Users,0,0
CUST-00930,0.5601,4330.81,Steady Core Customers,0,0
CUST-00931,0.6166,5716.64,High-Value Users,1,1
CUST-00932,0.5423,4893.97,Steady Core Customers,0,0
CUST-00933,0.217,5560.19,Steady Core Customers,0,0
CUST-00934,0.6352,3883.84,Steady Core Customers,0,0
CUST-00935,0.3143,8320.71,High-Value Users,0,0
CUST-00936,0.5701,4784.06,High-Value Users,0,0
CUST-00937,0.5162,3861.42,Steady Core Customers,0,0
CUST-00938,0.2648,4226.9,Steady Core Customers,0,0
CUST-00939,0.4692,2979.7,Steady Core Customers,0,0
CUST-00940,0.5681,4799.91,High-Value Users,0,0
CUST-00941,0.2109,5084.46,Steady Core Customers,0,0
CUST-00942,0.5812,2348.18,Steady Core Customers,0,0
CUST-00943,0.4397,4188.19,Steady Core Customers,0,0
CUST-00944,0.5149,4431.74,Steady Core Customers,0,0
CUST-00945,0.461,6559.38,High-Value Users,0,0
CUST-00946,0.5706,5534.06,High-Value Users,0,1
CUST-00947,0.4341,5522.26,Steady Core Customers,0,0
CUST-00948,0.2154,5334.34,Steady Core Customers,0,0
CUST-00949,0.3043,6888.49,High-Value Users,0,0
CUST-00950,0.4189,6181.86,High-Value Users,0,0
CUST-00951,0.5916,5228.35,Steady Core Customers,0,0
CUST-00952,0.6361,3473.97,Steady Core Customers,0,0
CUST-00953,0.4923,5024.41,High-Value Users,0,0
CUST-00954,0.6093,5559.71,High-Value Users,0,1
CUST-00955,0.3792,4432.89,Steady Core Customers,0,0
CUST-00956,0.3798,4908.21,High-Value Users,0,0
CUST-00957,0.4059,7286.58,High-Value Users,0,0
CUST-00958,0.3357,7130.15,High-Value Users,0,0
CUST-00959,0.2624,7210.24,High-Value Users,0,0
CUST-00960,0.5242,5040.88,High-Value Users,0,0
CUST-00961,0.6608,5468.28,High-Value Users,0,1
CUST-00962,0.2535,3996.65,Steady Core Customers,0,0
CUST-00963,0.5094,4047.63,Steady Core Customers,0,0
CUST-00964,0.2866,4812.71,Steady Core Customers,0,0
CUST-00965,0.209,4618.63,Steady Core Customers,0,0
CUST-00966,0.685,7032.68,High-Value Users,1,1
CUST-00967,0.6992,4324.36,Steady Core Customers,0,0
CUST-00968,0.5409,4916.87,High-Value Users,0,0
CUST-00969,0.5286,2904.66,Steady Core Customers,0,0
CUST-00970,0.5524,3908.81,Steady Core Customers,0,0
CUST-00971,0.2494,4185.8,Steady Core Customers,0,0
CUST-00972,0.3478,5645.11,Steady Core Customers,0,0
CUST-00973,0.3121,7492.44,High-Value Users,0,0
CUST-00974,0.1695,5999.47,Steady Core Customers,0,0
CUST-00975,0.2747,5554.42,High-Value Users,0,0
CUST-00976,0.5605,3208.52,Steady Core Customers,0,0
CUST-00977,0.6314,5451.9,High-Value Users,0,1
CUST-00978,0.2954,7772.86,High-Value Users,0,0
CUST-00979,0.3976,6107.99,High-Value Users,0,0
CUST-00980,0.5772,5949.09,High-Value Users,0,1
CUST-00981,0.2741,6417.62,High-Value Users,0,0
CUST-00982,0.5318,4104.83,Steady Core Customers,1,0
CUST-00983,0.5165,6848.73,High-Value Users,0,1
CUST-00984,0.1874,6985.66,High-Value Users,0,0
CUST-00985,0.4239,4809.64,High-Value Users,0,0
CUST-00986,0.556,6712.18,High-Value Users,0,1
CUST-00987,0.2843,4926.74,Steady Core Customers,1,0
CUST-00988,0.3046,6420.34,High-Value Users,0,0
CUST-00989,0.5671,3317.31,Steady Core Customers,0,0
CUST-00990,0.2318,5867.72,High-Value Users,0,0
CUST-00991,0.4627,4331.73,Steady Core Customers,0,0
CUST-00992,0.2424,7234.89,High-Value Users,0,0
CUST-00993,0.6269,5698.75,High-Value Users,0,1
CUST-00994,0.1905,5089.74,Steady Core Customers,0,0
CUST-00995,0.2957,3771.1,Steady Core Customers,0,0
CUST-00996,0.6324,5711.04,High-Value Users,1,1
CUST-00997,0.6792,5834.13,High-Value Users,0,1
CUST-00998,0.4841,4272.61,Steady Core Customers,0,0
CUST-00999,0.3205,4520.91,Steady Core Customers,0,0
CUST-01000,0.2671,5508.19,Steady Core Customers,0,0
CUST-01001,0.2614,3382.42,Steady Core Customers,0,0
CUST-01002,0.2612,5826.92,Steady Core Customers,0,0
CUST-01003,0.4765,4377.62,Steady Core Customers,0,0
CUST-01004,0.3593,4570.97,Steady Core Customers,0,0
CUST-01005,0.4302,4493.66,Steady Core Customers,0,0
CUST-01006,0.2858,8241.33,High-Value Users,0,0
CUST-01007,0.5395,4061.64,High-Value Users,0,0
CUST-01008,0.1683,7714.42,High-Value Users,1,0
CUST-01009,0.5589,6563.19,High-Value Users,0,1
CUST-01010,0.5476,3503.67,Steady Core Customers,0,0
CUST-01011,0.4705,2525.86,Steady Core Customers,0,0
CUST-01012,0.1933,7570.83,High-Value Users,0,0
CUST-01013,0.5025,3648.68,Steady Core Customers,0,0
CUST-01014,0.5795,5076.5,High-Value Users,0,0
CUST-01015,0.5281,3837.98,Steady Core Customers,0,0
CUST-01016,0.5157,3942.37,Steady Core Customers,0,0
CUST-01017,0.2164,7502.09,High-Value Users,0,0
CUST-01018,0.2321,9443.7,High-Value Users,0,0
CUST-01019,0.2261,4652.26,Steady Core Customers,0,0
CUST-01020,0.2133,4958.82,Steady Core Customers,0,0
CUST-01021,0.6559,5631.3,High-Value Users,0,1
CUST-01022,0.4802,3879.1,Steady Core Customers,0,0
CUST-01023,0.3633,6635.06,High-Value Users,0,0
CUST-01024,0.1476,5835.86,High-Value Users,0,0
CUST-01025,0.4266,7047.06,High-Value Users,0,0
CUST-01026,0.268,8122.0,High-Value Users,0,0
CUST-01027,0.445,5061.77,High-Value Users,0,0
CUST-01028,0.5116,3543.85,Steady Core Customers,0,0
CUST-01029,0.5938,5906.45,High-Value Users,0,1
CUST-01030,0.2862,4531.42,Steady Core Customers,0,0
CUST-01031,0.1675,5630.01,Steady Core Customers,0,0
CUST-01032,0.6259,4536.64,Steady Core Customers,0,0
CUST-01033,0.2579,5359.02,Steady Core Customers,0,0
CUST-01034,0.2798,5836.07,High-Value Users,0,0
CUST-01035,0.5176,4178.64,Steady Core Customers,0,0
CUST-01036,0.2017,7954.85,High-Value Users,0,0
CUST-01037,0.4564,2966.05,Steady Core Customers,0,0
CUST-01038,0.6072,3610.63,Steady Core Customers,0,0
CUST-01039,0.621,6739.68,High-Value Users,0,1
CUST-01040,0.3462,7464.08,High-Value Users,1,0
CUST-01041,0.4234,6251.83,High-Value Users,0,0
CUST-01042,0.546,6571.07,High-Value Users,0,1
CUST-01043,0.5307,4569.52,Steady Core Customers,0,0
CUST-01044,0.4069,4549.68,Steady Core Customers,0,0
CUST-01045,0.2504,5023.77,Steady Core Customers,0,0
CUST-01046,0.6965,5007.72,High-Value Users,0,0
CUST-01047,0.5071,3618.22,Steady Core Customers,0,0
CUST-01048,0.5594,4658.1,Steady Core Customers,0,0
CUST-01049,0.2001,7262.0,High-Value Users,0,0
CUST-01050,0.2344,7396.64,High-Value Users,0,0
CUST-01051,0.3848,4298.41,Steady Core Customers,0,0
CUST-01052,0.3189,4532.04,Steady Core Customers,0,0
CUST-01053,0.2176,3982.97,Steady Core Customers,0,0
CUST-01054,0.3014,6084.9,Steady Core Customers,0,0
CUST-01055,0.4821,3984.87,Steady Core Customers,0,0
CUST-01056,0.3938,7916.31,High-Value Users,0,0
CUST-01057,0.1546,5315.78,Steady Core Customers,0,0
CUST-01058,0.5299,6449.61,High-Value Users,0,1
CUST-01059,0.7299,3999.59,Steady Core Customers,0,0
CUST-01060,0.6426,3122.64,Steady Core Customers,0,0
CUST-01061,0.5304,3325.53,Steady Core Customers,0,0
CUST-01062,0.274,6511.32,High-Value Users,0,0
CUST-01063,0.3347,6579.62,High-Value Users,0,0
CUST-01064,0.7367,6478.89,High-Value Users,0,1
CUST-01065,0.2448,7367.48,High-Value Users,0,0
CUST-01066,0.4467,3643.7,Steady Core Customers,0,0
CUST-01067,0.3087,7863.12,High-Value Users,0,0
CUST-01068,0.4413,3827.78,Steady Core Customers,0,0
CUST-01069,0.1582,6373.03,High-Value Users,0,0
CUST-01070,0.1614,5763.97,Steady Core Customers,0,0
CUST-01071,0.1541,6552.18,High-Value Users,0,0
CUST-01072,0.21,5484.13,High-Value Users,0,0
CUST-01073,0.6643,5325.79,High-Value Users,0,1
CUST-01074,0.2767,4409.72,Steady Core Customers,0,0
CUST-01075,0.2753,4892.83,High-Value Users,0,0
CUST-01076,0.5782,5068.04,High-Value Users,0,0
CUST-01077,0.2585,7525.88,High-Value Users,0,0
CUST-01078,0.6115,3520.99,Steady Core Customers,0,0
CUST-01079,0.5754,4160.42,Steady Core Customers,0,0
CUST-01080,0.3036,6047.37,Steady Core Customers,0,0
CUST-01081,0.5748,6564.66,High-Value Users,0,1
CUST-01082,0.7523,5293.94,High-Value Users,0,0
CUST-01083,0.5188,2753.53,Steady Core Customers,0,0
CUST-01084,0.2774,4966.88,Steady Core Customers,0,0
CUST-01085,0.1781,5651.9,Steady Core Customers,0,0
CUST-01086,0.6629,7064.73,High-Value Users,0,1
CUST-01087,0.2466,8340.01,High-Value Users,0,0
CUST-01088,0.1333,5156.81,Steady Core Customers,0,0
CUST-01089,0.4363,7503.21,High-Value Users,0,0
CUST-01090,0.4508,6224.89,High-Value Users,0,0
CUST-01091,0.1607,5189.62,Steady Core Customers,0,0
CUST-01092,0.4951,5359.98,High-Value Users,0,0
CUST-01093,0.4109,3661.77,Steady Core Customers,0,0
CUST-01094,0.2539,5470.63,Steady Core Customers,0,0
CUST-01095,0.5135,3481.33,Steady Core Customers,0,0
CUST-01096,0.6726,4094.05,Steady Core Customers,0,0
CUST-01097,0.5712,5630.59,High-Value Users,0,1
CUST-01098,0.5652,6429.12,High-Value Users,0,1
CUST-01099,0.2842,6125.3,Steady Core Customers,0,0
CUST-01100,0.5612,4748.87,High-Value Users,0,0
CUST-01101,0.1978,4054.57,Steady Core Customers,0,0
CUST-01102,0.4645,6910.91,High-Value Users,0,0
CUST-01103,0.7075,5491.29,High-Value Users,0,1
CUST-01104,0.542,4824.12,Steady Core Customers,0,0
CUST-01105,0.6232,4283.73,Steady Core Customers,0,0
CUST-01106,0.4218,4580.0,Steady Core Customers,0,0
CUST-01107,0.4473,6502.9,High-Value Users,0,0
CUST-01108,0.2142,4952.07,Steady Core Customers,0,0
CUST-01109,0.5191,2229.09,Steady Core Customers,0,0
CUST-01110,0.5379,7951.52,High-Value Users,0,1
CUST-01111,0.3146,5040.92,Steady Core Customers,0,0
CUST-01112,0.6134,4222.43,Steady Core Customers,0,0
CUST-01113,0.541,5599.73,High-Value Users,0,1
CUST-01114,0.2174,4864.07,Steady Core Customers,0,0
CUST-01115,0.5337,4026.86,Steady Core Customers,0,0
CUST-01116,0.6376,2827.58,Steady Core Customers,0,0
CUST-01117,0.2541,3995.41,Steady Core Customers,0,0
CUST-01118,0.3376,7488.38,High-Value Users,0,0
CUST-01119,0.2234,7921.66,High-Value Users,0,0
CUST-01120,0.7456,4521.9,High-Value Users,0,0
CUST-01121,0.2486,3581.23,Steady Core Customers,0,0
CUST-01122,0.6747,3813.35,Steady Core Customers,0,0
CUST-01123,0.3105,4720.49,Steady Core Customers,0,0
CUST-01124,0.4504,5533.7,High-Value Users,0,0
CUST-01125,0.4152,6577.83,High-Value Users,0,0
CUST-01126,0.3131,6221.2,High-Value Users,0,0
CUST-01127,0.2884,6232.12,High-Value Users,0,0
CUST-01128,0.6582,6114.73,High-Value Users,0,1
CUST-01129,0.2649,5713.89,Steady Core Customers,0,0
CUST-01130,0.3412,4432.0,Steady Core Customers,0,0
CUST-01131,0.4964,3606.5,Steady Core Customers,0,0
CUST-01132,0.5583,5025.25,High-Value Users,0,0
CUST-01133,0.3862,3336.18,Steady Core Customers,0,0
CUST-01134,0.4853,3555.32,Steady Core Customers,0,0
CUST-01135,0.3817,5165.41,Steady Core Customers,0,0
CUST-01136,0.5177,4416.89,Steady Core Customers,0,0
CUST-01137,0.2554,5193.43,Steady Core Customers,0,0
CUST-01138,0.3095,6790.66,High-Value Users,0,0
CUST-01139,0.2662,5594.81,Steady Core Customers,0,0
CUST-01140,0.3337,4568.95,Steady Core Customers,0,0
CUST-01141,0.1628,3261.14,Steady Core Customers,0,0
CUST-01142,0.5056,4232.13,Steady Core Customers,0,0
CUST-01143,0.371,3623.19,Steady Core Customers,0,0
CUST-01144,0.228,6083.49,Steady Core Customers,0,0
CUST-01145,0.2915,8694.83,High-Value Users,0,0
CUST-01146,0.5503,5568.13,High-Value Users,0,1
CUST-01147,0.2159,3981.15,Steady Core Customers,0,0
CUST-01148,0.1392,5916.61,Steady Core Customers,0,0
CUST-01149,0.6103,6943.3,High-Value Users,0,1
CUST-01150,0.4289,7097.29,High-Value Users,0,0
CUST-01151,0.2786,6345.69,High-Value Users,0,0
CUST-01152,0.5355,4224.2,Steady Core Customers,0,0
CUST-01153,0.705,3469.35,Steady Core Customers,0,0
CUST-01154,0.6308,5352.26,High-Value Users,0,1
CUST-01155,0.3248,5405.99,Steady Core Customers,0,0
CUST-01156,0.5285,5737.34,High-Value Users,0,1
CUST-01157,0.2737,5068.33,Steady Core Customers,0,0
CUST-01158,0.2413,3652.99,Steady Core Customers,0,0
CUST-01159,0.1495,4667.17,Steady Core Customers,0,0
CUST-01160,0.5945,6075.6,High-Value Users,0,1
CUST-01161,0.5698,3646.36,Steady Core Customers,0,0
CUST-01162,0.6796,5363.22,High-Value Users,0,1
CUST-01163,0.6447,6382.43,High-Value Users,0,1
CUST-01164,0.4113,5184.83,High-Value Users,0,0
CUST-01165,0.7016,4001.04,Steady Core Customers,0,0
CUST-01166,0.4561,4677.53,Steady Core Customers,0,0
CUST-01167,0.2377,6317.93,High-Value Users,0,0
CUST-01168,0.4025,4408.45,Steady Core Customers,0,0
CUST-01169,0.3854,4645.84,Steady Core Customers,0,0
CUST-01170,0.2229,5755.61,Steady Core Customers,0,0
CUST-01171,0.62,3280.57,Steady Core Customers,0,0
CUST-01172,0.1434,9717.95,High-Value Users,0,0
CUST-01173,0.3282,6656.67,High-Value Users,0,0
CUST-01174,0.5276,3368.79,Steady Core Customers,0,0
CUST-01175,0.3239,7259.92,High-Value Users,0,0
CUST-01176,0.2019,6046.52,Steady Core Customers,0,0
CUST-01177,0.3108,5230.13,Steady Core Customers,0,0
CUST-01178,0.6171,6300.59,High-Value Users,0,1
CUST-01179,0.4904,4119.23,Steady Core Customers,0,0
CUST-01180,0.5951,3754.32,Steady Core Customers,0,0
CUST-01181,0.343,8266.86,High-Value Users,0,0
CUST-01182,0.5682,4757.9,Steady Core Customers,0,0
CUST-01183,0.4592,5404.02,High-Value Users,0,0
CUST-01184,0.5737,4793.04,High-Value Users,0,0
CUST-01185,0.6308,2507.87,Steady Core Customers,0,0
CUST-01186,0.593,4138.29,Steady Core Customers,0,0
CUST-01187,0.5552,2630.71,Steady Core Customers,0,0
CUST-01188,0.1793,6446.73,Steady Core Customers,0,0
CUST-01189,0.5365,6147.89,High-Value Users,0,1
CUST-01190,0.5823,3897.56,Steady Core Customers,0,0
CUST-01191,0.4504,3231.32,Steady Core Customers,0,0
CUST-01192,0.6731,5741.85,High-Value Users,0,1
CUST-01193,0.3004,5941.85,Steady Core Customers,0,0
CUST-01194,0.5584,2309.62,Steady Core Customers,0,0
CUST-01195,0.3058,8662.73,High-Value Users,0,0
CUST-01196,0.2562,7393.76,High-Value Users,0,0
CUST-01197,0.2438,6016.84,Steady Core Customers,0,0
CUST-01198,0.361,6153.02,High-Value Users,0,0
CUST-01199,0.5319,4364.08,Steady Core Customers,0,0
CUST-01200,0.2689,5575.13,Steady Core Customers,0,0
CUST-01201,0.576,5351.82,High-Value Users,0,1
CUST-01202,0.4623,8976.99,High-Value Users,0,0
CUST-01203,0.5919,2295.57,Steady Core Customers,0,0
CUST-01204,0.6116,5953.03,High-Value Users,0,1
CUST-01205,0.6515,4694.94,High-Value Users,0,0
CUST-01206,0.2866,5847.15,High-Value Users,0,0
CUST-01207,0.1571,5608.13,Steady Core Customers,0,0
CUST-01208,0.4444,5564.6,High-Value Users,0,0
CUST-01209,0.4763,3628.91,Steady Core Customers,0,0
CUST-01210,0.4567,4292.35,Steady Core Customers,0,0
CUST-01211,0.2156,3800.4,Steady Core Customers,0,0
CUST-01212,0.6052,4096.34,Steady Core Customers,0,0
CUST-01213,0.4902,3797.06,Steady Core Customers,0,0
CUST-01214,0.4046,7135.21,High-Value Users,0,0
CUST-01215,0.2041,5654.33,Steady Core Customers,1,0
CUST-01216,0.2179,7486.74,High-Value Users,0,0
CUST-01217,0.347,5288.59,Steady Core Customers,0,0
CUST-01218,0.2374,5140.15,Steady Core Customers,0,0
CUST-01219,0.5437,3893.36,Steady Core Customers,0,0
CUST-01220,0.4177,5103.49,High-Value Users,0,0
CUST-01221,0.1914,5455.86,Steady Core Customers,0,0
CUST-01222,0.4531,3385.98,Steady Core Customers,0,0
CUST-01223,0.2271,6961.98,High-Value Users,0,0
CUST-01224,0.3929,4191.52,Steady Core Customers,0,0
CUST-01225,0.5127,5398.37,High-Value Users,0,1
CUST-01226,0.5346,5590.23,High-Value Users,0,1
CUST-01227,0.3226,4945.86,Steady Core Customers,0,0
CUST-01228,0.1947,4119.09,Steady Core Customers,0,0
CUST-01229,0.5159,3065.28,Steady Core Customers,0,0
CUST-01230,0.5442,3118.23,Steady Core Customers,0,0
CUST-01231,0.6477,5506.3,High-Value Users,0,1
CUST-01232,0.543,6096.17,High-Value Users,0,1
CUST-01233,0.4146,6747.54,High-Value Users,1,0
CUST-01234,0.2611,4911.42,Steady Core Customers,0,0
CUST-01235,0.4145,5419.21,High-Value Users,0,0
CUST-01236,0.6076,5744.51,High-Value Users,0,1
CUST-01237,0.5992,6855.79,High-Value Users,0,1
CUST-01238,0.434,5979.24,High-Value Users,0,0
CUST-01239,0.4254,6185.69,High-Value Users,0,0
CUST-01240,0.2412,5492.46,High-Value Users,0,0
CUST-01241,0.2507,6438.43,High-Value Users,0,0
CUST-01242,0.2562,6389.79,High-Value Users,0,0
CUST-01243,0.5225,3978.55,Steady Core Customers,0,0
CUST-01244,0.2363,3931.26,Steady Core Customers,0,0
CUST-01245,0.2375,5858.44,Steady Core Customers,0,0
CUST-01246,0.2024,5986.8,Steady Core Customers,0,0
CUST-01247,0.1676,8386.28,High-Value Users,0,0
CUST-01248,0.5866,5449.22,High-Value Users,0,1
CUST-01249,0.1812,5040.71,Steady Core Customers,0,0
CUST-01250,0.3944,4972.84,Steady Core Customers,0,0
CUST-01251,0.1703,6096.27,Steady Core Customers,0,0
CUST-01252,0.3154,5650.63,Steady Core Customers,0,0
CUST-01253,0.3086,3878.8,Steady Core Customers,0,0
CUST-01254,0.7349,6102.32,High-Value Users,0,1
CUST-01255,0.364,4281.45,Steady Core Customers,0,0
CUST-01256,0.3802,6684.76,High-Value Users,0,0
CUST-01257,0.2968,5625.04,Steady Core Customers,0,0
CUST-01258,0.2541,4767.63,Steady Core Customers,0,0
CUST-01259,0.5368,4571.51,Steady Core Customers,0,0
CUST-01260,0.5783,3186.91,Steady Core Customers,0,0
CUST-01261,0.5628,6849.4,High-Value Users,0,1
CUST-01262,0.2985,4948.52,Steady Core Customers,0,0
CUST-01263,0.2766,3635.64,Steady Core Customers,0,0
CUST-01264,0.2204,5479.95,Steady Core Customers,0,0
CUST-01265,0.1658,8580.02,High-Value Users,0,0
CUST-01266,0.2985,6265.49,High-Value Users,0,0
CUST-01267,0.5614,6924.74,High-Value Users,0,1
CUST-01268,0.4223,7761.3,High-Value Users,0,0
CUST-01269,0.334,6134.99,Steady Core Customers,0,0
CUST-01270,0.2786,7553.34,High-Value Users,0,0
CUST-01271,0.2713,6099.38,Steady Core Customers,0,0
CUST-01272,0.2145,5903.16,Steady Core Customers,0,0
CUST-01273,0.5697,3635.99,Steady Core Customers,0,0
CUST-01274,0.2927,4982.43,Steady Core Customers,0,0
CUST-01275,0.6386,6766.73,High-Value Users,0,1
CUST-01276,0.6838,5696.44,High-Value Users,0,1
CUST-01277,0.5909,2393.33,Steady Core Customers,0,0
CUST-01278,0.4466,5717.38,High-Value Users,0,0
CUST-01279,0.5964,5284.18,High-Value Users,0,0
CUST-01280,0.2307,5996.9,Steady Core Customers,1,0
CUST-01281,0.4434,4844.41,Steady Core Customers,0,0
CUST-01282,0.4756,4231.89,Steady Core Customers,0,0
CUST-01283,0.4835,5196.0,High-Value Users,0,0
CUST-01284,0.5654,4704.78,Steady Core Customers,0,0
CUST-01285,0.2583,5448.39,Steady Core Customers,0,0
CUST-01286,0.681,5267.3,High-Value Users,0,0
CUST-01287,0.3654,5090.42,Steady Core Customers,0,0
CUST-01288,0.1973,9571.81,High-Value Users,0,0
CUST-01289,0.2485,6191.68,High-Value Users,1,0
CUST-01290,0.2827,6956.91,High-Value Users,0,0
CUST-01291,0.2923,3350.13,Steady Core Customers,0,0
CUST-01292,0.6436,2894.45,Steady Core Customers,0,0
CUST-01293,0.288,7994.68,High-Value Users,0,0
CUST-01294,0.3652,7765.66,High-Value Users,1,0
CUST-01295,0.6176,4441.46,Steady Core Customers,0,0
CUST-01296,0.6541,6653.91,High-Value Users,0,1
CUST-01297,0.2459,4957.71,Steady Core Customers,0,0
CUST-01298,0.5821,3932.33,Steady Core Customers,0,0
CUST-01299,0.7499,3954.21,Steady Core Customers,0,0
CUST-01300,0.5085,4019.08,Steady Core Customers,0,0
CUST-01301,0.2689,7657.58,High-Value Users,0,0
CUST-01302,0.5324,3738.84,Steady Core Customers,0,0
CUST-01303,0.5301,5851.62,High-Value Users,0,1
CUST-01304,0.587,3781.11,Steady Core Customers,0,0
CUST-01305,0.3388,5310.58,High-Value Users,0,0
CUST-01306,0.526,6639.39,High-Value Users,0,1
CUST-01307,0.2421,6348.67,High-Value Users,0,0
CUST-01308,0.5943,3240.16,Steady Core Customers,0,0
CUST-01309,0.561,4812.52,High-Value Users,0,0
CUST-01310,0.6534,5490.79,High-Value Users,0,1
CUST-01311,0.4802,6936.38,High-Value Users,0,0
CUST-01312,0.3546,2030.72,Steady Core Customers,1,0
CUST-01313,0.6146,5375.38,High-Value Users,0,1
CUST-01314,0.2187,4776.75,Steady Core Customers,0,0
CUST-01315,0.58,5823.4,High-Value Users,0,1
CUST-01316,0.6221,4846.86,High-Value Users,0,0
CUST-01317,0.5654,5481.5,High-Value Users,1,1
CUST-01318,0.443,2272.1,Steady Core Customers,0,0
CUST-01319,0.4721,5424.52,High-Value Users,0,0
CUST-01320,0.4405,5580.4,High-Value Users,0,0
CUST-01321,0.6518,4736.5,Steady Core Customers,0,0
CUST-01322,0.5709,4734.47,Steady Core Customers,0,0
CUST-01323,0.222,5245.38,Steady Core Customers,0,0
CUST-01324,0.3698,7033.28,High-Value Users,0,0
CUST-01325,0.1063,5259.75,Steady Core Customers,0,0
CUST-01326,0.4404,6822.13,High-Value Users,1,0
CUST-01327,0.2879,5964.82,Steady Core Customers,0,0
CUST-01328,0.5851,5338.36,High-Value Users,0,1
CUST-01329,0.4406,6358.19,High-Value Users,0,0
CUST-01330,0.1663,3654.35,Steady Core Customers,0,0
CUST-01331,0.5218,3911.91,Steady Core Customers,1,0
CUST-01332,0.6109,5876.78,High-Value Users,0,1
CUST-01333,0.3633,5199.2,Steady Core Customers,0,0
CUST-01334,0.2696,3537.31,Steady Core Customers,0,0
CUST-01335,0.6983,3613.08,Steady Core Customers,0,0
CUST-01336,0.487,3545.7,Steady Core Customers,0,0
CUST-01337,0.5173,5534.34,High-Value Users,0,1
CUST-01338,0.2741,7649.01,High-Value Users,0,0
CUST-01339,0.4268,4554.86,Steady Core Customers,0,0
CUST-01340,0.5026,3771.69,Steady Core Customers,0,0
CUST-01341,0.5713,5495.78,High-Value Users,0,1
CUST-01342,0.2653,6605.59,High-Value Users,0,0
CUST-01343,0.2747,4982.62,Steady Core Customers,0,0
CUST-01344,0.4913,3973.16,Steady Core Customers,0,0
CUST-01345,0.2308,6225.09,Steady Core Customers,0,0
CUST-01346,0.5631,6302.52,High-Value Users,0,1
CUST-01347,0.2461,6996.11,High-Value Users,0,0
CUST-01348,0.5836,4526.06,Steady Core Customers,0,0
CUST-01349,0.5595,4518.15,Steady Core Customers,0,0
CUST-01350,0.5252,4937.47,High-Value Users,0,0
CUST-01351,0.2216,9275.4,High-Value Users,0,0
CUST-01352,0.2817,7344.13,High-Value Users,0,0
CUST-01353,0.3652,7252.08,High-Value Users,0,0
CUST-01354,0.5103,3210.66,Steady Core Customers,0,0
CUST-01355,0.3671,4277.39,Steady Core Customers,0,0
CUST-01356,0.4733,3243.84,Steady Core Customers,0,0
CUST-01357,0.5692,3549.11,Steady Core Customers,0,0
CUST-01358,0.5426,5235.29,High-Value Users,0,0
CUST-01359,0.2602,6421.32,High-Value Users,0,0
CUST-01360,0.3619,6798.08,High-Value Users,0,0
CUST-01361,0.2371,6361.79,Steady Core Customers,0,0
CUST-01362,0.648,5866.93,High-Value Users,0,1
CUST-01363,0.6306,5229.28,High-Value Users,0,0
CUST-01364,0.4804,4970.17,High-Value Users,0,0
CUST-01365,0.6674,5728.84,High-Value Users,0,1
CUST-01366,0.2794,5608.5,Steady Core Customers,0,0
CUST-01367,0.3273,6705.07,High-Value Users,0,0
CUST-01368,0.5879,5344.57,High-Value Users,0,1
CUST-01369,0.5319,3770.78,Steady Core Customers,0,0
CUST-01370,0.3139,7852.74,High-Value Users,0,0
CUST-01371,0.5364,7463.98,High-Value Users,0,1
CUST-01372,0.4415,2349.42,Steady Core Customers,0,0
CUST-01373,0.256,6586.64,High-Value Users,0,0
CUST-01374,0.224,5159.4,Steady Core Customers,0,0
CUST-01375,0.5328,4948.96,Steady Core Customers,0,0
CUST-01376,0.3281,3905.46,Steady Core Customers,0,0
CUST-01377,0.3348,8055.05,High-Value Users,0,0
CUST-01378,0.5963,5362.7,High-Value Users,0,1
CUST-01379,0.5109,3665.82,Steady Core Customers,0,0
CUST-01380,0.2402,7218.19,High-Value Users,0,0
CUST-01381,0.1968,5510.37,Steady Core Customers,0,0
CUST-01382,0.5491,4756.31,Steady Core Customers,0,0
CUST-01383,0.745,3961.02,Steady Core Customers,0,0
CUST-01384,0.4027,7010.98,High-Value Users,0,0
CUST-01385,0.676,7173.44,High-Value Users,0,1
CUST-01386,0.4366,4522.78,High-Value Users,0,0
CUST-01387,0.5516,2991.9,Steady Core Customers,0,0
CUST-01388,0.5945,5579.19,High-Value Users,0,1
CUST-01389,0.215,7001.61,High-Value Users,0,0
CUST-01390,0.2625,6838.6,High-Value Users,0,0
CUST-01391,0.4558,3169.86,Steady Core Customers,0,0
CUST-01392,0.2872,8919.04,High-Value Users,0,0
CUST-01393,0.4911,3474.0,Steady Core Customers,0,0
CUST-01394,0.5502,4891.9,Steady Core Customers,0,0
CUST-01395,0.5645,6875.92,High-Value Users,0,1
CUST-01396,0.2126,7019.28,High-Value Users,0,0
CUST-01397,0.2688,5566.96,Steady Core Customers,0,0
CUST-01398,0.2325,7058.23,High-Value Users,0,0
CUST-01399,0.5422,4676.02,Steady Core Customers,0,0
CUST-01400,0.6077,4891.94,High-Value Users,0,0
CUST-01401,0.4329,3995.55,Steady Core Customers,0,0
CUST-01402,0.1573,6151.43,High-Value Users,0,0
CUST-01403,0.4117,4319.64,Steady Core Customers,0,0
CUST-01404,0.1677,5597.71,Steady Core Customers,0,0
CUST-01405,0.3839,6963.59,High-Value Users,0,0
CUST-01406,0.6859,6086.5,High-Value Users,0,1
CUST-01407,0.5002,6575.52,High-Value Users,0,1
CUST-01408,0.5643,4845.59,High-Value Users,0,0
CUST-01409,0.2909,6776.25,High-Value Users,0,0
CUST-01410,0.2321,4924.48,Steady Core Customers,0,0
CUST-01411,0.5601,4877.06,High-Value Users,0,0
CUST-01412,0.2848,5728.07,Steady Core Customers,0,0
CUST-01413,0.604,2389.63,Steady Core Customers,0,0
CUST-01414,0.5767,6423.88,High-Value Users,0,1
CUST-01415,0.2959,4918.7,Steady Core Customers,0,0
CUST-01416,0.1689,5479.61,Steady Core Customers,0,0
CUST-01417,0.6096,3998.64,Steady Core Customers,0,0
CUST-01418,0.3813,7612.59,High-Value Users,0,0
CUST-01419,0.14,6239.63,Steady Core Customers,0,0
CUST-01420,0.4124,5546.57,High-Value Users,0,0
CUST-01421,0.1723,5799.87,High-Value Users,0,0
CUST-01422,0.6289,6637.48,High-Value Users,0,1
CUST-01423,0.5468,5401.89,High-Value Users,0,1
CUST-01424,0.318,5592.05,Steady Core Customers,0,0
CUST-01425,0.5968,5229.25,High-Value Users,0,0
CUST-01426,0.3822,3015.88,Steady Core Customers,0,0
CUST-01427,0.4359,5166.39,High-Value Users,0,0
CUST-01428,0.5767,3197.48,Steady Core Customers,0,0
CUST-01429,0.558,5551.05,High-Value Users,0,1
CUST-01430,0.531,4810.44,High-Value Users,0,0
CUST-01431,0.4929,5589.77,High-Value Users,0,0
CUST-01432,0.5438,4883.01,High-Value Users,0,0
CUST-01433,0.1836,4238.41,Steady Core Customers,0,0
CUST-01434,0.2361,5712.2,High-Value Users,0,0
CUST-01435,0.493,4817.16,High-Value Users,0,0
CUST-01436,0.6244,4693.64,Steady Core Customers,0,0
CUST-01437,0.4022,4210.28,Steady Core Customers,0,0
CUST-01438,0.2127,5005.28,Steady Core Customers,0,0
CUST-01439,0.2498,4752.98,Steady Core Customers,0,0
CUST-01440,0.2576,7446.24,High-Value Users,0,0
CUST-01441,0.294,4702.83,Steady Core Customers,0,0
CUST-01442,0.5598,3869.96,Steady Core Customers,0,0
CUST-01443,0.3663,3967.48,Steady Core Customers,0,0
CUST-01444,0.6534,3516.25,Steady Core Customers,0,0
CUST-01445,0.5214,5164.57,Steady Core Customers,0,0
CUST-01446,0.6288,6778.76,High-Value Users,0,1
CUST-01447,0.1795,4777.04,Steady Core Customers,0,0
CUST-01448,0.376,5341.38,High-Value Users,0,0
CUST-01449,0.2434,5625.78,Steady Core Customers,0,0
CUST-01450,0.5371,3846.91,Steady Core Customers,0,0
CUST-01451,0.6308,5350.96,High-Value Users,0,1
CUST-01452,0.2587,4365.46,Steady Core Customers,0,0
CUST-01453,0.5222,4947.34,High-Value Users,0,0
CUST-01454,0.588,6054.85,High-Value Users,0,1
CUST-01455,0.548,5524.13,High-Value Users,0,1
CUST-01456,0.2761,2677.48,Steady Core Customers,0,0
CUST-01457,0.5279,3698.73,Steady Core Customers,0,0
CUST-01458,0.1542,4789.92,Steady Core Customers,0,0
CUST-01459,0.2328,7748.85,High-Value Users,0,0
CUST-01460,0.3265,4539.84,Steady Core Customers,0,0
CUST-01461,0.6376,3350.83,Steady Core Customers,0,0
CUST-01462,0.2177,5277.21,Steady Core Customers,0,0
CUST-01463,0.5148,3127.6,Steady Core Customers,0,0
CUST-01464,0.2797,5199.53,Steady Core Customers,0,0
CUST-01465,0.4737,5759.48,High-Value Users,0,0
CUST-01466,0.478,5620.77,High-Value Users,0,0
CUST-01467,0.6491,5711.6,High-Value Users,0,1
CUST-01468,0.1644,2889.6,Steady Core Customers,0,0
CUST-01469,0.2047,5534.4,Steady Core Customers,1,0
CUST-01470,0.5419,4058.36,Steady Core Customers,0,0
CUST-01471,0.5197,4531.74,Steady Core Customers,0,0
CUST-01472,0.2754,5309.29,Steady Core Customers,0,0
CUST-01473,0.1458,6004.21,High-Value Users,0,0
CUST-01474,0.2515,5493.02,Steady Core Customers,0,0
CUST-01475,0.5715,5585.27,High-Value Users,0,1
CUST-01476,0.4364,6550.31,High-Value Users,0,0
CUST-01477,0.3496,9060.37,High-Value Users,0,0
CUST-01478,0.4686,3803.13,Steady Core Customers,0,0
CUST-01479,0.5065,4844.51,Steady Core Customers,0,0
CUST-01480,0.5525,6446.46,High-Value Users,0,1
CUST-01481,0.7179,5885.7,High-Value Users,0,1
CUST-01482,0.3467,6501.98,High-Value Users,0,0
CUST-01483,0.5562,4096.33,Steady Core Customers,0,0
CUST-01484,0.5852,4341.26,Steady Core Customers,0,0
CUST-01485,0.4493,6698.96,High-Value Users,0,0
CUST-01486,0.3148,8974.38,High-Value Users,0,0
CUST-01487,0.2486,7636.83,High-Value Users,0,0
CUST-01488,0.5803,4726.75,Steady Core Customers,0,0
CUST-01489,0.2342,5342.97,High-Value Users,1,0
CUST-01490,0.6029,4510.92,Steady Core Customers,0,0
CUST-01491,0.2328,4523.13,Steady Core Customers,0,0
CUST-01492,0.2659,5995.22,Steady Core Customers,0,0
CUST-01493,0.489,4384.15,Steady Core Customers,0,0
CUST-01494,0.357,7988.52,High-Value Users,1,0
CUST-01495,0.5533,5993.38,High-Value Users,0,1
CUST-01496,0.3272,7630.27,High-Value Users,0,0
CUST-01497,0.632,3969.77,Steady Core Customers,0,0
CUST-01498,0.2384,6710.63,High-Value Users,0,0
CUST-01499,0.472,3347.73,Steady Core Customers,0,0
CUST-01500,0.5656,6481.2,High-Value Users,0,1
CUST-01501,0.5046,4746.41,Steady Core Customers,0,0
CUST-01502,0.1893,8240.92,High-Value Users,0,0
CUST-01503,0.5305,5795.61,High-Value Users,0,1
CUST-01504,0.3512,5467.02,Steady Core Customers,1,0
CUST-01505,0.6347,4645.24,Steady Core Customers,0,0
CUST-01506,0.3412,8587.77,High-Value Users,0,0
CUST-01507,0.6307,3644.95,Steady Core Customers,1,0
CUST-01508,0.3675,3909.51,Steady Core Customers,0,0
CUST-01509,0.2067,6654.4,High-Value Users,0,0
CUST-01510,0.6321,5813.9,High-Value Users,0,1
CUST-01511,0.5478,5996.74,High-Value Users,0,1
CUST-01512,0.1873,5534.49,Steady Core Customers,0,0
CUST-01513,0.6012,3267.74,Steady Core Customers,0,0
CUST-01514,0.621,4159.85,Steady Core Customers,0,0
CUST-01515,0.5703,4788.72,High-Value Users,0,0
CUST-01516,0.345,6389.66,High-Value Users,0,0
CUST-01517,0.1418,6221.47,Steady Core Customers,0,0
CUST-01518,0.1915,4882.62,Steady Core Customers,0,0
CUST-01519,0.1687,3492.86,Steady Core Customers,0,0
CUST-01520,0.6056,5053.55,High-Value Users,0,0
CUST-01521,0.5674,6771.98,High-Value Users,0,1
CUST-01522,0.6085,3252.26,Steady Core Customers,0,0
CUST-01523,0.5918,4817.35,Steady Core Customers,0,0
CUST-01524,0.517,4545.25,Steady Core Customers,0,0
CUST-01525,0.2158,7235.17,High-Value Users,0,0
CUST-01526,0.4048,6381.19,High-Value Users,0,0
CUST-01527,0.65,6315.27,High-Value Users,0,1
CUST-01528,0.6655,4757.83,Steady Core Customers,0,0
CUST-01529,0.6329,6634.49,High-Value Users,0,1
CUST-01530,0.6227,5524.09,High-Value Users,0,1
CUST-01531,0.7304,5124.22,High-Value Users,0,0
CUST-01532,0.538,6164.14,High-Value Users,0,1
CUST-01533,0.6022,4915.1,Steady Core Customers,0,0
CUST-01534,0.3381,4239.69,Steady Core Customers,0,0
CUST-01535,0.2787,8777.84,High-Value Users,0,0
CUST-01536,0.2627,5036.89,Steady Core Customers,0,0
CUST-01537,0.1997,4916.16,Steady Core Customers,0,0
CUST-01538,0.1972,5510.06,Steady Core Customers,0,0
CUST-01539,0.6689,5187.23,High-Value Users,0,0
CUST-01540,0.1789,4534.26,Steady Core Customers,0,0
CUST-01541,0.5238,5258.62,High-Value Users,0,0
CUST-01542,0.5197,3108.1,Steady Core Customers,1,0
CUST-01543,0.5466,3502.88,Steady Core Customers,0,0
CUST-01544,0.6527,4508.24,Steady Core Customers,0,0
CUST-01545,0.2776,5014.96,Steady Core Customers,0,0
CUST-01546,0.6143,3864.35,Steady Core Customers,0,0
CUST-01547,0.3391,3557.73,Steady Core Customers,0,0
CUST-01548,0.2144,5258.91,Steady Core Customers,0,0
CUST-01549,0.5795,3763.22,Steady Core Customers,0,0
CUST-01550,0.549,5479.57,High-Value Users,0,1
CUST-01551,0.45,4661.14,Steady Core Customers,0,0
CUST-01552,0.5276,5279.38,High-Value Users,0,0
CUST-01553,0.231,6417.83,Steady Core Customers,0,0
CUST-01554,0.2688,6400.79,High-Value Users,0,0
CUST-01555,0.4205,7368.41,High-Value Users,0,0
CUST-01556,0.438,3646.24,Steady Core Customers,0,0
CUST-01557,0.2354,3214.46,Steady Core Customers,0,0
CUST-01558,0.2824,5539.17,High-Value Users,0,0
CUST-01559,0.581,6670.31,High-Value Users,0,1
CUST-01560,0.6886,5153.32,High-Value Users,0,0
CUST-01561,0.5606,3920.81,Steady Core Customers,0,0
CUST-01562,0.4827,5759.3,High-Value Users,0,0
CUST-01563,0.2315,8326.18,High-Value Users,0,0
CUST-01564,0.1806,5815.58,High-Value Users,0,0
CUST-01565,0.5773,4768.71,Steady Core Customers,0,0
CUST-01566,0.1478,7930.96,High-Value Users,0,0
CUST-01567,0.4626,3775.73,Steady Core Customers,0,0
CUST-01568,0.4558,3470.56,Steady Core Customers,0,0
CUST-01569,0.3404,9374.48,High-Value Users,0,0
CUST-01570,0.3066,5969.97,Steady Core Customers,0,0
CUST-01571,0.3212,6388.69,High-Value Users,0,0
CUST-01572,0.576,3164.52,Steady Core Customers,0,0
CUST-01573,0.2176,6113.47,High-Value Users,0,0
CUST-01574,0.1997,5954.07,High-Value Users,0,0
CUST-01575,0.334,5504.26,High-Value Users,0,0
CUST-01576,0.6645,5123.17,High-Value Users,0,0
CUST-01577,0.5492,5059.18,Steady Core Customers,0,0
CUST-01578,0.1845,7295.5,High-Value Users,0,0
CUST-01579,0.19,7100.29,High-Value Users,0,0
CUST-01580,0.2099,4698.38,Steady Core Customers,0,0
CUST-01581,0.6389,5538.22,High-Value Users,0,1
CUST-01582,0.2236,7851.91,High-Value Users,0,0
CUST-01583,0.4401,3787.48,Steady Core Customers,0,0
CUST-01584,0.6063,6925.88,High-Value Users,0,1
CUST-01585,0.686,4318.8,Steady Core Customers,0,0
CUST-01586,0.6529,4652.17,Steady Core Customers,0,0
CUST-01587,0.3575,5582.56,High-Value Users,0,0
CUST-01588,0.6814,3417.33,Steady Core Customers,0,0
CUST-01589,0.6328,3201.95,Steady Core Customers,0,0
CUST-01590,0.2373,6560.41,High-Value Users,0,0
CUST-01591,0.2181,2733.17,Steady Core Customers,0,0
CUST-01592,0.4499,3582.14,Steady Core Customers,0,0
CUST-01593,0.6758,4568.29,Steady Core Customers,0,0
CUST-01594,0.3232,5615.49,Steady Core Customers,0,0
CUST-01595,0.5904,4562.8,Steady Core Customers,0,0
CUST-01596,0.5495,5230.24,High-Value Users,0,0
CUST-01597,0.394,4856.31,Steady Core Customers,0,0
CUST-01598,0.6286,5532.29,High-Value Users,0,1
CUST-01599,0.2232,5687.91,Steady Core Customers,0,0
CUST-01600,0.5756,4068.51,Steady Core Customers,0,0
CUST-01601,0.4636,5662.44,High-Value Users,0,0
CUST-01602,0.7096,7753.83,High-Value Users,1,1
CUST-01603,0.5125,6113.32,High-Value Users,0,1
CUST-01604,0.4445,4624.1,Steady Core Customers,0,0
CUST-01605,0.2443,7079.92,High-Value Users,0,0
CUST-01606,0.6537,3409.81,Steady Core Customers,0,0
CUST-01607,0.6119,2828.33,Steady Core Customers,0,0
CUST-01608,0.5964,2406.61,Steady Core Customers,0,0
CUST-01609,0.3245,5027.57,High-Value Users,0,0
CUST-01610,0.4334,6025.15,High-Value Users,0,0
CUST-01611,0.1417,7696.18,High-Value Users,0,0
CUST-01612,0.2519,8313.67,High-Value Users,1,0
CUST-01613,0.4842,4245.04,Steady Core Customers,0,0
CUST-01614,0.2308,3841.06,Steady Core Customers,0,0
CUST-01615,0.6433,4691.9,High-Value Users,0,0
CUST-01616,0.276,7173.92,High-Value Users,0,0
CUST-01617,0.2004,4899.07,Steady Core Customers,0,0
CUST-01618,0.7031,3916.25,Steady Core Customers,0,0
CUST-01619,0.2931,7378.13,High-Value Users,0,0
CUST-01620,0.4248,4292.51,Steady Core Customers,0,0
CUST-01621,0.5045,3566.52,Steady Core Customers,0,0
CUST-01622,0.3624,6173.26,Steady Core Customers,0,0
CUST-01623,0.2668,7375.01,High-Value Users,0,0
CUST-01624,0.5886,5711.31,High-Value Users,0,1
CUST-01625,0.2422,4685.8,Steady Core Customers,0,0
CUST-01626,0.3084,4217.71,Steady Core Customers,0,0
CUST-01627,0.595,5620.02,High-Value Users,0,1
CUST-01628,0.3391,5301.93,Steady Core Customers,0,0
CUST-01629,0.2426,4869.39,Steady Core Customers,0,0
CUST-01630,0.2405,3577.06,Steady Core Customers,0,0
CUST-01631,0.2055,7028.3,Steady Core Customers,0,0
CUST-01632,0.4003,6819.73,High-Value Users,0,0
CUST-01633,0.6268,5294.68,High-Value Users,0,0
CUST-01634,0.4679,6095.6,High-Value Users,0,0
CUST-01635,0.546,5899.53,High-Value Users,0,1
CUST-01636,0.3643,5046.92,Steady Core Customers,0,0
CUST-01637,0.1729,4278.79,Steady Core Customers,0,0
CUST-01638,0.6002,5353.43,High-Value Users,0,1
CUST-01639,0.4013,4358.32,Steady Core Customers,0,0
CUST-01640,0.6269,4956.96,High-Value Users,0,0
CUST-01641,0.5492,5879.26,High-Value Users,0,1
CUST-01642,0.1957,7602.46,High-Value Users,0,0
CUST-01643,0.308,3381.31,Steady Core Customers,0,0
CUST-01644,0.6432,4622.68,Steady Core Customers,0,0
CUST-01645,0.1835,6917.75,High-Value Users,0,0
CUST-01646,0.5248,4725.31,Steady Core Customers,0,0
CUST-01647,0.5248,5365.52,High-Value Users,0,1
CUST-01648,0.3284,4136.48,Steady Core Customers,0,0
CUST-01649,0.179,5538.08,Steady Core Customers,0,0
CUST-01650,0.6638,4233.08,Steady Core Customers,0,0
CUST-01651,0.3002,7846.62,High-Value Users,0,0
CUST-01652,0.5559,3791.14,Steady Core Customers,0,0
CUST-01653,0.5386,3680.88,Steady Core Customers,0,0
CUST-01654,0.2543,3857.62,Steady Core Customers,0,0
CUST-01655,0.6906,4389.53,High-Value Users,0,0
CUST-01656,0.7066,5831.11,High-Value Users,0,1
CUST-01657,0.4628,3790.66,Steady Core Customers,0,0
CUST-01658,0.6671,6568.6,High-Value Users,0,1
CUST-01659,0.6614,4826.1,High-Value Users,0,0
CUST-01660,0.4004,5238.69,High-Value Users,0,0
CUST-01661,0.3045,3493.27,Steady Core Customers,0,0
CUST-01662,0.3778,5545.28,High-Value Users,0,0
CUST-01663,0.3809,5408.5,High-Value Users,0,0
CUST-01664,0.3601,4934.79,Steady Core Customers,0,0
CUST-01665,0.7087,5287.44,High-Value Users,0,0
CUST-01666,0.2755,5540.97,High-Value Users,0,0
CUST-01667,0.3777,8182.11,High-Value Users,0,0
CUST-01668,0.5916,3251.04,Steady Core Customers,0,0
CUST-01669,0.5892,5139.4,High-Value Users,0,0
CUST-01670,0.4445,5494.41,High-Value Users,0,0
CUST-01671,0.4107,4114.01,Steady Core Customers,0,0
CUST-01672,0.6958,4642.37,Steady Core Customers,0,0
CUST-01673,0.2489,5537.09,High-Value Users,0,0
CUST-01674,0.291,6612.51,High-Value Users,0,0
CUST-01675,0.5707,3129.89,Steady Core Customers,0,0
CUST-01676,0.1644,4786.65,Steady Core Customers,0,0
CUST-01677,0.7021,3790.48,Steady Core Customers,0,0
CUST-01678,0.2547,6229.24,Steady Core Customers,0,0
CUST-01679,0.3013,3708.29,Steady Core Customers,0,0
CUST-01680,0.6031,3251.32,Steady Core Customers,0,0
CUST-01681,0.5825,4793.3,High-Value Users,0,0
CUST-01682,0.5025,6739.87,High-Value Users,0,1
CUST-01683,0.2268,8666.64,High-Value Users,0,0
CUST-01684,0.5324,4968.85,Steady Core Customers,0,0
CUST-01685,0.3014,8184.96,High-Value Users,0,0
CUST-01686,0.6005,2680.51,Steady Core Customers,0,0
CUST-01687,0.5474,3681.41,Steady Core Customers,0,0
CUST-01688,0.2741,4795.63,Steady Core Customers,0,0
CUST-01689,0.6887,5294.23,High-Value Users,0,0
CUST-01690,0.5928,5039.44,Steady Core Customers,0,0
CUST-01691,0.2698,8394.49,High-Value Users,0,0
CUST-01692,0.5513,4470.91,Steady Core Customers,0,0
CUST-01693,0.1494,5640.47,Steady Core Customers,0,0
CUST-01694,0.2144,8090.61,High-Value Users,0,0
CUST-01695,0.5229,3630.32,Steady Core Customers,0,0
CUST-01696,0.5812,3979.49,Steady Core Customers,0,0
CUST-01697,0.6165,6121.38,High-Value Users,0,1
CUST-01698,0.2976,7456.96,High-Value Users,0,0
CUST-01699,0.2094,7190.91,High-Value Users,0,0
CUST-01700,0.1548,5021.97,Steady Core Customers,0,0
CUST-01701,0.2206,7834.64,High-Value Users,0,0
CUST-01702,0.4045,5871.05,High-Value Users,0,0
CUST-01703,0.6107,6271.82,High-Value Users,0,1
CUST-01704,0.5572,6885.98,High-Value Users,0,1
CUST-01705,0.257,5300.75,Steady Core Customers,0,0
CUST-01706,0.4568,5485.65,High-Value Users,0,0
CUST-01707,0.538,5406.11,High-Value Users,0,1
CUST-01708,0.4367,4658.45,High-Value Users,0,0
CUST-01709,0.5334,2950.47,Steady Core Customers,0,0
CUST-01710,0.4063,5093.12,Steady Core Customers,0,0
CUST-01711,0.5703,3817.8,Steady Core Customers,0,0
CUST-01712,0.3659,8281.59,High-Value Users,0,0
CUST-01713,0.3283,6328.22,High-Value Users,0,0
CUST-01714,0.3682,4158.46,Steady Core Customers,0,0
CUST-01715,0.215,3624.46,Steady Core Customers,0,0
CUST-01716,0.5608,6582.23,High-Value Users,0,1
CUST-01717,0.2841,5633.95,High-Value Users,0,0
CUST-01718,0.4974,4453.66,Steady Core Customers,0,0
CUST-01719,0.3724,4485.22,Steady Core Customers,0,0
CUST-01720,0.5152,2442.57,Steady Core Customers,0,0
CUST-01721,0.6028,4835.6,Steady Core Customers,0,0
CUST-01722,0.1905,5057.93,Steady Core Customers,0,0
CUST-01723,0.1864,5180.84,Steady Core Customers,0,0
CUST-01724,0.2303,5650.77,High-Value Users,0,0
CUST-01725,0.5397,6261.27,High-Value Users,0,1
CUST-01726,0.5007,4511.89,Steady Core Customers,0,0
CUST-01727,0.301,4362.95,Steady Core Customers,0,0
CUST-01728,0.3902,5037.63,High-Value Users,0,0
CUST-01729,0.7227,5451.35,High-Value Users,0,1
CUST-01730,0.5102,3739.56,Steady Core Customers,0,0
CUST-01731,0.6395,6174.78,High-Value Users,0,1
CUST-01732,0.7034,5654.26,High-Value Users,0,1
CUST-01733,0.5328,4494.29,Steady Core Customers,0,0
CUST-01734,0.2442,3898.7,Steady Core Customers,0,0
CUST-01735,0.3829,3918.53,Steady Core Customers,0,0
CUST-01736,0.2734,8590.4,High-Value Users,0,0
CUST-01737,0.1877,4530.79,Steady Core Customers,0,0
CUST-01738,0.6263,2843.39,Steady Core Customers,1,0
CUST-01739,0.2063,7293.56,High-Value Users,0,0
CUST-01740,0.2104,5645.04,Steady Core Customers,0,0
CUST-01741,0.5625,5361.39,High-Value Users,0,1
CUST-01742,0.6008,5250.29,High-Value Users,0,0
CUST-01743,0.2076,9137.43,High-Value Users,0,0
CUST-01744,0.2331,4449.43,Steady Core Customers,0,0
CUST-01745,0.2852,4266.87,Steady Core Customers,0,0
CUST-01746,0.3983,5324.81,High-Value Users,0,0
CUST-01747,0.1958,7717.2,High-Value Users,0,0
CUST-01748,0.1601,7659.24,High-Value Users,0,0
CUST-01749,0.1774,3452.16,Steady Core Customers,0,0
CUST-01750,0.2859,7198.49,High-Value Users,0,0
CUST-01751,0.2608,9647.49,High-Value Users,0,0
CUST-01752,0.6925,4698.67,High-Value Users,0,0
CUST-01753,0.2661,5095.26,Steady Core Customers,0,0
CUST-01754,0.568,4109.21,Steady Core Customers,0,0
CUST-01755,0.5463,3151.26,Steady Core Customers,0,0
CUST-01756,0.7384,4415.76,High-Value Users,1,0
CUST-01757,0.6007,5160.11,High-Value Users,1,0
CUST-01758,0.5042,4331.77,Steady Core Customers,0,0
CUST-01759,0.64,2310.33,Steady Core Customers,0,0
CUST-01760,0.5709,5045.48,High-Value Users,0,0
CUST-01761,0.2822,7743.27,High-Value Users,0,0
CUST-01762,0.2315,7428.14,High-Value Users,0,0
CUST-01763,0.2742,3469.84,Steady Core Customers,0,0
CUST-01764,0.5524,4454.85,Steady Core Customers,0,0
CUST-01765,0.7783,4676.45,High-Value Users,0,0
CUST-01766,0.1731,7259.66,High-Value Users,0,0
CUST-01767,0.6391,4885.1,Steady Core Customers,0,0
CUST-01768,0.2217,5556.83,Steady Core Customers,0,0
CUST-01769,0.3379,7723.76,High-Value Users,0,0
CUST-01770,0.7606,6005.39,High-Value Users,0,1
CUST-01771,0.5304,4836.55,Steady Core Customers,0,0
CUST-01772,0.5567,4599.55,Steady Core Customers,0,0
CUST-01773,0.4501,5024.93,Steady Core Customers,0,0
CUST-01774,0.5428,2715.3,Steady Core Customers,0,0
CUST-01775,0.2829,7424.82,High-Value Users,0,0
CUST-01776,0.2609,3351.98,Steady Core Customers,0,0
CUST-01777,0.5287,2946.49,Steady Core Customers,0,0
CUST-01778,0.64,6359.77,High-Value Users,0,1
CUST-01779,0.6083,4624.48,Steady Core Customers,0,0
CUST-01780,0.5444,4199.33,Steady Core Customers,0,0
CUST-01781,0.2399,6435.52,High-Value Users,0,0
CUST-01782,0.2705,5919.75,High-Value Users,0,0
CUST-01783,0.2965,5568.73,Steady Core Customers,0,0
CUST-01784,0.4876,3854.63,Steady Core Customers,0,0
CUST-01785,0.5244,6698.56,High-Value Users,0,1
CUST-01786,0.2782,5831.46,Steady Core Customers,0,0
CUST-01787,0.3219,3611.94,Steady Core Customers,0,0
CUST-01788,0.2954,7679.71,High-Value Users,0,0
CUST-01789,0.5661,5601.02,High-Value Users,0,1
CUST-01790,0.2633,4924.0,Steady Core Customers,0,0
CUST-01791,0.5225,4639.07,Steady Core Customers,0,0
CUST-01792,0.6409,3393.14,Steady Core Customers,0,0
CUST-01793,0.2369,5314.96,Steady Core Customers,0,0
CUST-01794,0.4784,4893.14,Steady Core Customers,0,0
CUST-01795,0.2576,3438.57,Steady Core Customers,0,0
CUST-01796,0.4939,5047.17,High-Value Users,0,0
CUST-01797,0.5368,6645.81,High-Value Users,0,1
CUST-01798,0.7024,5641.34,High-Value Users,0,1
CUST-01799,0.2226,8226.39,High-Value Users,0,0
CUST-01800,0.4034,6308.61,High-Value Users,1,0
CUST-01801,0.5556,4170.44,Steady Core Customers,0,0
CUST-01802,0.6031,4950.15,High-Value Users,0,0
CUST-01803,0.6364,5047.73,Steady Core Customers,0,0
CUST-01804,0.5625,6200.22,High-Value Users,0,1
CUST-01805,0.3569,6833.51,High-Value Users,0,0
CUST-01806,0.5002,5217.24,High-Value Users,0,0
CUST-01807,0.5515,3446.33,Steady Core Customers,0,0
CUST-01808,0.6379,5184.59,High-Value Users,0,0
CUST-01809,0.332,4580.1,Steady Core Customers,1,0
CUST-01810,0.2006,5388.09,Steady Core Customers,0,0
CUST-01811,0.1789,6819.13,High-Value Users,0,0
CUST-01812,0.1851,5572.61,Steady Core Customers,0,0
CUST-01813,0.2011,6259.23,Steady Core Customers,0,0
CUST-01814,0.6783,5651.57,High-Value Users,0,1
CUST-01815,0.1669,6548.3,High-Value Users,0,0
CUST-01816,0.3096,4970.85,Steady Core Customers,0,0
CUST-01817,0.6325,3833.28,Steady Core Customers,0,0
CUST-01818,0.2359,4577.21,Steady Core Customers,0,0
CUST-01819,0.1984,6505.24,High-Value Users,0,0
CUST-01820,0.3426,2652.59,Steady Core Customers,0,0
CUST-01821,0.5803,3703.1,Steady Core Customers,0,0
CUST-01822,0.5818,3286.32,Steady Core Customers,0,0
CUST-01823,0.2067,6383.44,Steady Core Customers,0,0
CUST-01824,0.5236,3844.96,Steady Core Customers,0,0
CUST-01825,0.4124,4956.86,High-Value Users,0,0
CUST-01826,0.5611,4785.17,Steady Core Customers,0,0
CUST-01827,0.4824,3978.84,Steady Core Customers,0,0
CUST-01828,0.1964,7194.66,Steady Core Customers,0,0
CUST-01829,0.3637,4483.98,Steady Core Customers,0,0
CUST-01830,0.2456,4351.94,Steady Core Customers,0,0
CUST-01831,0.5184,4954.1,High-Value Users,0,0
CUST-01832,0.5216,5204.66,High-Value Users,0,0
CUST-01833,0.4632,4938.39,High-Value Users,0,0
CUST-01834,0.4727,4776.23,Steady Core Customers,0,0
CUST-01835,0.3374,6217.16,High-Value Users,0,0
CUST-01836,0.5403,3439.05,Steady Core Customers,0,0
CUST-01837,0.4854,5355.26,High-Value Users,0,0
CUST-01838,0.2686,5652.65,Steady Core Customers,0,0
CUST-01839,0.3598,4100.42,Steady Core Customers,0,0
CUST-01840,0.5383,4629.8,High-Value Users,0,0
CUST-01841,0.1515,5476.41,Steady Core Customers,0,0
CUST-01842,0.5414,3786.84,Steady Core Customers,0,0
CUST-01843,0.2362,9115.25,High-Value Users,0,0
CUST-01844,0.2678,7922.29,High-Value Users,0,0
CUST-01845,0.6653,6826.68,High-Value Users,0,1
CUST-01846,0.6365,3462.35,Steady Core Customers,0,0
CUST-01847,0.5468,3909.87,Steady Core Customers,0,0
CUST-01848,0.4,5660.57,High-Value Users,0,0
CUST-01849,0.4276,5811.65,High-Value Users,0,0
CUST-01850,0.3114,6920.79,High-Value Users,0,0
CUST-01851,0.3918,3495.17,Steady Core Customers,0,0
CUST-01852,0.6285,4819.63,High-Value Users,0,0
CUST-01853,0.4534,6907.52,High-Value Users,0,0
CUST-01854,0.5595,5791.88,High-Value Users,0,1
CUST-01855,0.6537,5110.9,High-Value Users,0,0
CUST-01856,0.3433,3488.65,Steady Core Customers,0,0
CUST-01857,0.2146,5998.78,Steady Core Customers,0,0
CUST-01858,0.475,6066.85,High-Value Users,0,0
CUST-01859,0.2228,4346.23,Steady Core Customers,0,0
CUST-01860,0.5269,3596.19,Steady Core Customers,0,0
CUST-01861,0.2479,7352.47,High-Value Users,0,0
CUST-01862,0.5207,5514.52,High-Value Users,0,1
CUST-01863,0.2739,3571.44,Steady Core Customers,0,0
CUST-01864,0.6344,4000.38,Steady Core Customers,0,0
CUST-01865,0.4654,4418.1,Steady Core Customers,0,0
CUST-01866,0.164,4834.2,Steady Core Customers,0,0
CUST-01867,0.4002,4357.26,Steady Core Customers,0,0
CUST-01868,0.4909,5365.18,High-Value Users,0,0
CUST-01869,0.5794,3132.24,Steady Core Customers,0,0
CUST-01870,0.211,4364.45,Steady Core Customers,0,0
CUST-01871,0.5899,2215.02,Steady Core Customers,0,0
CUST-01872,0.4407,6078.86,High-Value Users,0,0
CUST-01873,0.2289,8801.51,High-Value Users,0,0
CUST-01874,0.1407,4544.91,Steady Core Customers,0,0
CUST-01875,0.6802,6729.15,High-Value Users,0,1
CUST-01876,0.4347,4584.71,Steady Core Customers,0,0
CUST-01877,0.4658,4438.36,Steady Core Customers,0,0
CUST-01878,0.4405,3370.91,Steady Core Customers,0,0
CUST-01879,0.632,4654.95,Steady Core Customers,0,0
CUST-01880,0.1752,7767.63,High-Value Users,0,0
CUST-01881,0.2065,3852.29,Steady Core Customers,0,0
CUST-01882,0.7068,6991.37,High-Value Users,0,1
CUST-01883,0.7018,4699.88,High-Value Users,0,0
CUST-01884,0.663,3203.5,Steady Core Customers,0,0
CUST-01885,0.5904,5680.76,High-Value Users,0,1
CUST-01886,0.6965,5496.43,High-Value Users,0,1
CUST-01887,0.2409,8345.0,High-Value Users,0,0
CUST-01888,0.6128,2903.05,Steady Core Customers,0,0
CUST-01889,0.2605,8300.24,High-Value Users,0,0
CUST-01890,0.497,3841.03,Steady Core Customers,0,0
CUST-01891,0.4402,6101.04,High-Value Users,0,0
CUST-01892,0.6345,6833.79,High-Value Users,0,1
CUST-01893,0.2459,8010.38,High-Value Users,0,0
CUST-01894,0.5618,5535.75,High-Value Users,0,1
CUST-01895,0.5684,5057.73,Steady Core Customers,0,0
CUST-01896,0.514,4871.69,High-Value Users,0,0
CUST-01897,0.2945,3491.49,Steady Core Customers,0,0
CUST-01898,0.297,5175.98,Steady Core Customers,0,0
CUST-01899,0.4212,6009.84,High-Value Users,0,0
CUST-01900,0.4309,6114.66,High-Value Users,0,0
CUST-01901,0.5728,3408.82,Steady Core Customers,0,0
CUST-01902,0.6535,5995.3,High-Value Users,0,1
CUST-01903,0.2405,8514.78,High-Value Users,0,0
CUST-01904,0.5241,7200.02,High-Value Users,0,1
CUST-01905,0.2778,5641.04,Steady Core Customers,0,0
CUST-01906,0.2139,6883.81,High-Value Users,0,0
CUST-01907,0.2703,6989.36,High-Value Users,0,0
CUST-01908,0.5762,3328.53,Steady Core Customers,0,0
CUST-01909,0.2985,3761.47,Steady Core Customers,0,0
CUST-01910,0.4191,6895.67,High-Value Users,0,0
CUST-01911,0.6274,6019.76,High-Value Users,0,1
CUST-01912,0.3378,8150.4,High-Value Users,0,0
CUST-01913,0.3894,3182.82,Steady Core Customers,0,0
CUST-01914,0.627,4778.78,Steady Core Customers,0,0
CUST-01915,0.5271,6001.3,High-Value Users,0,1
CUST-01916,0.5121,3989.72,Steady Core Customers,0,0
CUST-01917,0.2481,4005.39,Steady Core Customers,0,0
CUST-01918,0.3893,6176.7,High-Value Users,0,0
CUST-01919,0.3395,7262.5,High-Value Users,0,0
CUST-01920,0.6315,5341.62,High-Value Users,0,1
CUST-01921,0.6221,5664.08,High-Value Users,0,1
CUST-01922,0.5936,5762.9,High-Value Users,0,1
CUST-01923,0.3708,4974.86,High-Value Users,0,0
CUST-01924,0.3486,6395.22,High-Value Users,0,0
CUST-01925,0.3285,5382.32,Steady Core Customers,0,0
CUST-01926,0.2083,7147.59,High-Value Users,0,0
CUST-01927,0.1807,6239.75,High-Value Users,0,0
CUST-01928,0.571,5549.05,High-Value Users,0,1
CUST-01929,0.4022,6297.33,High-Value Users,0,0
CUST-01930,0.263,4332.81,Steady Core Customers,0,0
CUST-01931,0.225,8042.5,High-Value Users,0,0
CUST-01932,0.5969,4048.65,Steady Core Customers,0,0
CUST-01933,0.3731,5607.15,Steady Core Customers,0,0
CUST-01934,0.5105,2379.62,Steady Core Customers,0,0
CUST-01935,0.1794,7269.63,High-Value Users,0,0
CUST-01936,0.1873,7036.4,High-Value Users,0,0
CUST-01937,0.2515,5374.6,Steady Core Customers,0,0
CUST-01938,0.5807,5953.52,High-Value Users,1,1
CUST-01939,0.6403,6841.21,High-Value Users,0,1
CUST-01940,0.3047,7923.6,High-Value Users,0,0
CUST-01941,0.185,5701.85,Steady Core Customers,0,0
CUST-01942,0.2507,7751.26,High-Value Users,0,0
CUST-01943,0.5886,6684.05,High-Value Users,0,1
CUST-01944,0.3234,6488.95,High-Value Users,0,0
CUST-01945,0.2714,6327.28,High-Value Users,0,0
CUST-01946,0.5593,5646.53,High-Value Users,0,1
CUST-01947,0.4291,3904.95,Steady Core Customers,0,0
CUST-01948,0.3995,7040.32,High-Value Users,0,0
CUST-01949,0.5032,3025.97,Steady Core Customers,1,0
CUST-01950,0.2416,5597.61,High-Value Users,0,0
CUST-01951,0.4365,4961.55,Steady Core Customers,0,0
CUST-01952,0.5348,5095.95,High-Value Users,0,0
CUST-01953,0.5946,5056.52,High-Value Users,0,0
CUST-01954,0.2908,6421.32,Steady Core Customers,0,0
CUST-01955,0.3396,5351.84,Steady Core Customers,0,0
CUST-01956,0.248,4189.48,Steady Core Customers,0,0
CUST-01957,0.2626,7439.18,High-Value Users,0,0
CUST-01958,0.1704,5520.43,Steady Core Customers,0,0
CUST-01959,0.3172,9255.23,High-Value Users,0,0
CUST-01960,0.2904,5613.54,High-Value Users,0,0
CUST-01961,0.6508,4727.95,High-Value Users,0,0
CUST-01962,0.4943,5639.25,High-Value Users,0,0
CUST-01963,0.5866,5510.61,High-Value Users,0,1
CUST-01964,0.2372,5314.51,Steady Core Customers,0,0
CUST-01965,0.4018,3816.63,Steady Core Customers,0,0
CUST-01966,0.2912,7242.18,High-Value Users,0,0
CUST-01967,0.2181,7091.12,High-Value Users,0,0
CUST-01968,0.3622,4889.96,Steady Core Customers,0,0
CUST-01969,0.4994,3612.47,Steady Core Customers,0,0
CUST-01970,0.3231,3982.33,Steady Core Customers,0,0
CUST-01971,0.4342,2773.01,Steady Core Customers,0,0
CUST-01972,0.2692,6757.0,High-Value Users,0,0
CUST-01973,0.616,6038.5,High-Value Users,0,1
CUST-01974,0.6147,4481.06,Steady Core Customers,0,0
CUST-01975,0.2429,8274.76,High-Value Users,0,0
CUST-01976,0.6365,4825.89,Steady Core Customers,0,0
CUST-01977,0.5268,3815.02,Steady Core Customers,0,0
CUST-01978,0.552,5521.89,High-Value Users,0,1
CUST-01979,0.5546,4162.76,Steady Core Customers,0,0
CUST-01980,0.3149,7880.89,High-Value Users,0,0
CUST-01981,0.492,4644.63,High-Value Users,0,0
CUST-01982,0.6454,4036.43,Steady Core Customers,0,0
CUST-01983,0.5603,4043.03,Steady Core Customers,0,0
CUST-01984,0.5622,3067.46,Steady Core Customers,0,0
CUST-01985,0.4161,5774.39,High-Value Users,0,0
CUST-01986,0.1986,8478.07,High-Value Users,0,0
CUST-01987,0.7242,4712.8,High-Value Users,0,0
CUST-01988,0.1903,6425.34,High-Value Users,0,0
CUST-01989,0.6463,5786.94,High-Value Users,0,1
CUST-01990,0.7085,5707.55,High-Value Users,0,1
CUST-01991,0.655,5794.1,High-Value Users,0,1
CUST-01992,0.1788,7089.63,High-Value Users,1,0
CUST-01993,0.2932,6791.08,High-Value Users,0,0
CUST-01994,0.588,4654.74,Steady Core Customers,0,0
CUST-01995,0.1846,7022.14,High-Value Users,0,0
CUST-01996,0.4968,3541.9,Steady Core Customers,0,0
CUST-01997,0.2662,4824.97,Steady Core Customers,0,0
CUST-01998,0.2096,6132.57,High-Value Users,0,0
CUST-01999,0.4437,5994.72,High-Value Users,0,0
CUST-02000,0.5285,4862.46,High-Value Users,0,0
CUST-02001,0.449,3653.12,Steady Core Customers,0,0
CUST-02002,0.4083,7218.97,High-Value Users,0,0
CUST-02003,0.4457,6653.78,High-Value Users,0,0
CUST-02004,0.211,6504.21,High-Value Users,0,0
CUST-02005,0.6649,5692.87,High-Value Users,0,1
CUST-02006,0.2466,7312.75,High-Value Users,0,0
CUST-02007,0.422,3944.44,Steady Core Customers,0,0
CUST-02008,0.1616,4902.45,Steady Core Customers,0,0
CUST-02009,0.5822,5726.48,High-Value Users,0,1
CUST-02010,0.6488,5465.45,High-Value Users,0,1
CUST-02011,0.7186,4053.33,Steady Core Customers,0,0
CUST-02012,0.2433,6155.2,High-Value Users,0,0
CUST-02013,0.3686,6059.38,High-Value Users,0,0
CUST-02014,0.2412,5544.94,High-Value Users,0,0
CUST-02015,0.1791,7336.25,High-Value Users,0,0
CUST-02016,0.619,5569.43,Steady Core Customers,0,1
CUST-02017,0.4376,7080.49,High-Value Users,0,0
CUST-02018,0.431,5026.46,Steady Core Customers,0,0
CUST-02019,0.5264,3644.4,Steady Core Customers,0,0
CUST-02020,0.3867,5612.55,High-Value Users,0,0
CUST-02021,0.1863,8370.74,High-Value Users,0,0
CUST-02022,0.3944,5031.06,Steady Core Customers,0,0
CUST-02023,0.6562,3775.45,Steady Core Customers,0,0
CUST-02024,0.2762,7746.21,High-Value Users,0,0
CUST-02025,0.6861,4103.63,Steady Core Customers,0,0
CUST-02026,0.4071,7581.37,High-Value Users,0,0
CUST-02027,0.2014,4075.51,Steady Core Customers,0,0
CUST-02028,0.5681,5108.16,High-Value Users,0,0
CUST-02029,0.4889,4494.21,Steady Core Customers,0,0
CUST-02030,0.2769,6036.62,High-Value Users,0,0
CUST-02031,0.2522,5134.95,Steady Core Customers,0,0
CUST-02032,0.3113,7677.04,High-Value Users,0,0
CUST-02033,0.3722,6287.76,High-Value Users,1,0
CUST-02034,0.4922,7622.94,High-Value Users,0,0
CUST-02035,0.5678,6110.56,High-Value Users,0,1
CUST-02036,0.3274,3597.8,Steady Core Customers,0,0
CUST-02037,0.2877,5633.29,Steady Core Customers,0,0
CUST-02038,0.274,6131.97,High-Value Users,0,0
CUST-02039,0.6325,4458.64,High-Value Users,0,0
CUST-02040,0.2828,7760.04,High-Value Users,0,0
CUST-02041,0.6378,5788.08,High-Value Users,0,1
CUST-02042,0.5971,3914.65,Steady Core Customers,0,0
CUST-02043,0.554,5467.49,High-Value Users,0,1
CUST-02044,0.6072,3933.64,Steady Core Customers,0,0
CUST-02045,0.2659,6415.72,High-Value Users,0,0
CUST-02046,0.4632,6976.27,High-Value Users,1,0
CUST-02047,0.1948,7541.61,High-Value Users,0,0
CUST-02048,0.407,4413.6,Steady Core Customers,0,0
CUST-02049,0.6087,2794.85,Steady Core Customers,0,0
CUST-02050,0.5836,4793.57,High-Value Users,0,0
CUST-02051,0.6724,6763.16,High-Value Users,0,1
CUST-02052,0.2883,4902.29,Steady Core Customers,0,0
CUST-02053,0.4803,3210.29,Steady Core Customers,0,0
CUST-02054,0.6249,4883.95,High-Value Users,0,0
CUST-02055,0.5373,4662.45,High-Value Users,0,0
CUST-02056,0.4114,4852.85,Steady Core Customers,0,0
CUST-02057,0.561,3561.37,Steady Core Customers,0,0
CUST-02058,0.218,5947.26,Steady Core Customers,0,0
CUST-02059,0.6116,4473.7,High-Value Users,0,0
CUST-02060,0.4863,6344.22,High-Value Users,0,0
CUST-02061,0.2507,7636.49,High-Value Users,0,0
CUST-02062,0.2438,6554.51,High-Value Users,0,0
CUST-02063,0.6209,4778.01,Steady Core Customers,0,0
CUST-02064,0.1923,6070.61,High-Value Users,0,0
CUST-02065,0.2446,5150.45,Steady Core Customers,0,0
CUST-02066,0.5945,3801.79,Steady Core Customers,0,0
CUST-02067,0.5025,5976.16,High-Value Users,0,1
CUST-02068,0.2924,8807.33,High-Value Users,0,0
CUST-02069,0.2772,6809.64,High-Value Users,0,0
CUST-02070,0.1832,7156.55,High-Value Users,0,0
CUST-02071,0.4504,7105.58,High-Value Users,0,0
CUST-02072,0.2797,3758.59,Steady Core Customers,0,0
CUST-02073,0.7032,5038.27,High-Value Users,0,0
CUST-02074,0.419,4944.61,Steady Core Customers,0,0
CUST-02075,0.1804,5203.73,Steady Core Customers,0,0
CUST-02076,0.3483,4343.37,Steady Core Customers,0,0
CUST-02077,0.5655,4645.13,Steady Core Customers,0,0
CUST-02078,0.2144,3565.63,Steady Core Customers,0,0
CUST-02079,0.1823,6170.75,Steady Core Customers,0,0
CUST-02080,0.7029,6572.82,High-Value Users,0,1
CUST-02081,0.2365,4838.86,Steady Core Customers,0,0
CUST-02082,0.4547,5076.94,High-Value Users,0,0
CUST-02083,0.6507,5412.06,High-Value Users,0,1
CUST-02084,0.7002,3315.01,Steady Core Customers,0,0
CUST-02085,0.205,5476.76,Steady Core Customers,0,0
CUST-02086,0.6051,4016.21,Steady Core Customers,0,0
CUST-02087,0.3738,5403.5,High-Value Users,0,0
CUST-02088,0.5656,4578.66,Steady Core Customers,0,0
CUST-02089,0.2143,4634.95,Steady Core Customers,0,0
CUST-02090,0.3153,7889.31,High-Value Users,0,0
CUST-02091,0.6417,4607.2,Steady Core Customers,0,0
CUST-02092,0.4634,6503.86,High-Value Users,0,0
CUST-02093,0.4284,5828.67,High-Value Users,0,0
CUST-02094,0.582,5769.86,High-Value Users,0,1
CUST-02095,0.3201,6890.65,High-Value Users,0,0
CUST-02096,0.2399,5748.92,Steady Core Customers,0,0
CUST-02097,0.5926,3918.64,Steady Core Customers,0,0
CUST-02098,0.4504,7671.03,High-Value Users,0,0
CUST-02099,0.6256,6921.29,High-Value Users,0,1
CUST-02100,0.5659,4102.82,Steady Core Customers,0,0
CUST-02101,0.4023,5660.88,High-Value Users,0,0
CUST-02102,0.6255,2702.42,Steady Core Customers,0,0
CUST-02103,0.2108,5609.07,Steady Core Customers,0,0
CUST-02104,0.5402,4694.08,High-Value Users,0,0
CUST-02105,0.253,6052.97,High-Value Users,0,0
CUST-02106,0.6622,6590.09,High-Value Users,0,1
CUST-02107,0.2223,2638.24,Steady Core Customers,0,0
CUST-02108,0.4672,5853.86,High-Value Users,0,0
CUST-02109,0.478,5660.02,High-Value Users,0,0
CUST-02110,0.6925,5503.65,High-Value Users,0,1
CUST-02111,0.6247,5596.7,High-Value Users,0,1
CUST-02112,0.6824,4782.15,High-Value Users,0,0
CUST-02113,0.5606,4898.38,High-Value Users,0,0
CUST-02114,0.2083,5201.63,Steady Core Customers,0,0
CUST-02115,0.6597,5283.25,Steady Core Customers,0,0
CUST-02116,0.3223,5734.86,High-Value Users,0,0
CUST-02117,0.3561,5475.42,High-Value Users,0,0
CUST-02118,0.4291,6840.15,High-Value Users,0,0
CUST-02119,0.3661,5160.89,Steady Core Customers,0,0
CUST-02120,0.5111,3491.34,Steady Core Customers,0,0
CUST-02121,0.2269,5746.7,High-Value Users,0,0
CUST-02122,0.396,6558.94,High-Value Users,0,0
CUST-02123,0.2779,5501.35,High-Value Users,0,0
CUST-02124,0.6455,4159.12,Steady Core Customers,0,0
CUST-02125,0.2598,4078.4,Steady Core Customers,0,0
CUST-02126,0.6665,3822.69,High-Value Users,0,0
CUST-02127,0.6378,5523.36,High-Value Users,0,1
CUST-02128,0.5648,4816.29,Steady Core Customers,0,0
CUST-02129,0.5638,5035.98,Steady Core Customers,0,0
CUST-02130,0.3406,4067.48,Steady Core Customers,0,0
CUST-02131,0.2694,7255.85,High-Value Users,0,0
CUST-02132,0.3849,5199.71,High-Value Users,0,0
CUST-02133,0.3523,7765.35,High-Value Users,0,0
CUST-02134,0.3504,5555.83,High-Value Users,0,0
CUST-02135,0.2523,7323.08,High-Value Users,0,0
CUST-02136,0.2324,4098.24,Steady Core Customers,0,0
CUST-02137,0.5185,5459.37,High-Value Users,0,1
CUST-02138,0.5441,4372.94,Steady Core Customers,0,0
CUST-02139,0.3242,7000.11,High-Value Users,0,0
CUST-02140,0.4885,6262.85,High-Value Users,0,0
CUST-02141,0.1823,8339.34,High-Value Users,1,0
CUST-02142,0.2625,8247.77,High-Value Users,0,0
CUST-02143,0.2015,5448.27,Steady Core Customers,0,0
CUST-02144,0.6388,5697.37,High-Value Users,0,1
CUST-02145,0.2577,5364.77,Steady Core Customers,0,0
CUST-02146,0.3365,3254.85,Steady Core Customers,0,0
CUST-02147,0.3774,4969.49,Steady Core Customers,0,0
CUST-02148,0.3929,5377.99,High-Value Users,0,0
CUST-02149,0.6244,4485.12,Steady Core Customers,0,0
CUST-02150,0.7129,4156.79,Steady Core Customers,0,0
CUST-02151,0.2962,5389.24,Steady Core Customers,0,0
CUST-02152,0.2151,6679.27,Steady Core Customers,0,0
CUST-02153,0.5348,6635.99,High-Value Users,0,1
CUST-02154,0.7529,2820.52,Steady Core Customers,1,0
CUST-02155,0.3853,4048.43,Steady Core Customers,0,0
CUST-02156,0.559,3615.03,Steady Core Customers,0,0
CUST-02157,0.4995,2941.04,Steady Core Customers,0,0
CUST-02158,0.1764,2863.22,Steady Core Customers,0,0
CUST-02159,0.2069,3676.33,Steady Core Customers,0,0
CUST-02160,0.2696,4215.59,Steady Core Customers,0,0
CUST-02161,0.2416,6489.98,Steady Core Customers,0,0
CUST-02162,0.3986,4839.65,Steady Core Customers,0,0
CUST-02163,0.2692,7470.55,High-Value Users,0,0
CUST-02164,0.461,6050.23,High-Value Users,0,0
CUST-02165,0.3677,3618.14,Steady Core Customers,0,0
CUST-02166,0.5052,5896.77,High-Value Users,0,1
CUST-02167,0.5872,4597.1,High-Value Users,0,0
CUST-02168,0.5534,4103.13,Steady Core Customers,0,0
CUST-02169,0.4629,6595.63,High-Value Users,0,0
CUST-02170,0.5503,4498.33,Steady Core Customers,0,0
CUST-02171,0.2711,7725.63,High-Value Users,0,0
CUST-02172,0.5273,5116.37,High-Value Users,0,0
CUST-02173,0.4767,4715.34,High-Value Users,0,0
CUST-02174,0.2611,4273.43,Steady Core Customers,0,0
CUST-02175,0.2657,7407.42,High-Value Users,0,0
CUST-02176,0.6034,4106.1,Steady Core Customers,0,0
CUST-02177,0.2829,7398.74,High-Value Users,0,0
CUST-02178,0.3444,6431.35,High-Value Users,0,0
CUST-02179,0.5152,3729.23,Steady Core Customers,0,0
CUST-02180,0.6106,5060.68,Steady Core Customers,0,0
CUST-02181,0.5291,3740.91,Steady Core Customers,0,0
CUST-02182,0.2489,5569.07,Steady Core Customers,0,0
CUST-02183,0.5265,5330.7,Steady Core Customers,0,1
CUST-02184,0.2641,5059.69,Steady Core Customers,0,0
CUST-02185,0.1819,3523.07,Steady Core Customers,0,0
CUST-02186,0.2116,4768.97,Steady Core Customers,0,0
CUST-02187,0.6014,5817.06,High-Value Users,0,1
CUST-02188,0.6282,4606.0,Steady Core Customers,0,0
CUST-02189,0.255,5882.48,Steady Core Customers,0,0
CUST-02190,0.2174,5066.62,Steady Core Customers,0,0
CUST-02191,0.5129,5258.96,High-Value Users,0,0
CUST-02192,0.5215,6176.19,High-Value Users,0,1
CUST-02193,0.2236,4928.02,Steady Core Customers,0,0
CUST-02194,0.1922,5714.19,High-Value Users,0,0
CUST-02195,0.2892,8252.3,High-Value Users,1,0
CUST-02196,0.138,5827.42,Steady Core Customers,0,0
CUST-02197,0.6509,6697.39,High-Value Users,0,1
CUST-02198,0.7382,6005.13,High-Value Users,0,1
CUST-02199,0.1679,5249.75,Steady Core Customers,0,0
CUST-02200,0.288,5871.6,Steady Core Customers,0,0
CUST-02201,0.4243,5787.14,High-Value Users,0,0
CUST-02202,0.2979,5674.02,High-Value Users,0,0
CUST-02203,0.5412,5495.85,High-Value Users,0,1
CUST-02204,0.4952,4556.75,Steady Core Customers,0,0
CUST-02205,0.1629,7098.75,High-Value Users,0,0
CUST-02206,0.7247,3775.13,Steady Core Customers,0,0
CUST-02207,0.5113,4418.24,Steady Core Customers,0,0
CUST-02208,0.3661,5452.99,High-Value Users,0,0
CUST-02209,0.4627,5683.79,High-Value Users,0,0
CUST-02210,0.5529,3134.3,Steady Core Customers,0,0
CUST-02211,0.2478,4445.64,Steady Core Customers,0,0
CUST-02212,0.4532,3665.68,Steady Core Customers,0,0
CUST-02213,0.233,3613.54,Steady Core Customers,0,0
CUST-02214,0.5449,3334.81,Steady Core Customers,0,0
CUST-02215,0.388,4860.49,High-Value Users,0,0
CUST-02216,0.3728,7549.01,High-Value Users,0,0
CUST-02217,0.5359,6070.93,High-Value Users,0,1
CUST-02218,0.1852,8186.71,High-Value Users,0,0
CUST-02219,0.2321,4359.27,Steady Core Customers,0,0
CUST-02220,0.2245,7419.42,High-Value Users,0,0
CUST-02221,0.5656,6690.45,High-Value Users,0,1
CUST-02222,0.5567,3504.89,Steady Core Customers,0,0
CUST-02223,0.1735,7465.22,High-Value Users,0,0
CUST-02224,0.4529,4112.83,Steady Core Customers,0,0
CUST-02225,0.2936,5779.3,High-Value Users,0,0
CUST-02226,0.3163,6023.45,High-Value Users,0,0
CUST-02227,0.3544,5448.14,Steady Core Customers,0,0
CUST-02228,0.4849,3794.11,Steady Core Customers,0,0
CUST-02229,0.2335,4198.12,Steady Core Customers,0,0
CUST-02230,0.2847,2728.95,Steady Core Customers,0,0
CUST-02231,0.7203,5290.07,High-Value Users,0,0
CUST-02232,0.1953,6886.88,High-Value Users,0,0
CUST-02233,0.3661,6824.51,High-Value Users,0,0
CUST-02234,0.3979,3741.36,Steady Core Customers,0,0
CUST-02235,0.4578,4602.96,Steady Core Customers,0,0
CUST-02236,0.3194,6140.35,High-Value Users,0,0
CUST-02237,0.3448,4762.45,Steady Core Customers,0,0
CUST-02238,0.2788,6518.51,High-Value Users,0,0
CUST-02239,0.55,4511.15,Steady Core Customers,0,0
CUST-02240,0.2455,7593.73,High-Value Users,0,0
CUST-02241,0.1503,4813.62,Steady Core Customers,0,0
CUST-02242,0.3319,6208.59,High-Value Users,0,0
CUST-02243,0.6944,6899.3,High-Value Users,0,1
CUST-02244,0.3884,4861.05,Steady Core Customers,0,0
CUST-02245,0.455,4821.96,High-Value Users,0,0
CUST-02246,0.5127,4341.21,Steady Core Customers,0,0
CUST-02247,0.3485,3397.73,Steady Core Customers,0,0
CUST-02248,0.2495,5673.31,High-Value Users,0,0
CUST-02249,0.6965,4783.4,Steady Core Customers,0,0
CUST-02250,0.2382,6301.18,High-Value Users,0,0
CUST-02251,0.4756,3927.87,Steady Core Customers,0,0
CUST-02252,0.3178,7346.27,High-Value Users,0,0
CUST-02253,0.6921,6602.62,High-Value Users,0,1
CUST-02254,0.2174,8635.18,High-Value Users,0,0
CUST-02255,0.3105,7002.06,High-Value Users,0,0
CUST-02256,0.243,7335.61,High-Value Users,0,0
CUST-02257,0.6531,5185.88,High-Value Users,0,0
CUST-02258,0.4505,6122.22,High-Value Users,0,0
CUST-02259,0.261,7218.46,High-Value Users,0,0
CUST-02260,0.4351,3976.1,Steady Core Customers,0,0
CUST-02261,0.3063,4099.9,Steady Core Customers,0,0
CUST-02262,0.5095,5065.98,High-Value Users,0,0
CUST-02263,0.4855,3549.88,Steady Core Customers,0,0
CUST-02264,0.3699,6624.21,High-Value Users,0,0
CUST-02265,0.2964,8169.93,High-Value Users,0,0
CUST-02266,0.2632,5041.51,Steady Core Customers,0,0
CUST-02267,0.5793,6454.86,High-Value Users,0,1
CUST-02268,0.2616,5072.58,Steady Core Customers,0,0
CUST-02269,0.1877,5997.84,Steady Core Customers,0,0
CUST-02270,0.5686,4774.39,Steady Core Customers,0,0
CUST-02271,0.5836,4058.98,Steady Core Customers,0,0
CUST-02272,0.3744,5522.91,High-Value Users,0,0
CUST-02273,0.1775,5394.02,Steady Core Customers,0,0
CUST-02274,0.5796,4073.35,Steady Core Customers,0,0
CUST-02275,0.3134,7274.44,High-Value Users,0,0
CUST-02276,0.6793,4687.36,High-Value Users,0,0
CUST-02277,0.3866,5395.28,Steady Core Customers,0,0
CUST-02278,0.2184,7130.24,High-Value Users,0,0
CUST-02279,0.6456,7171.03,High-Value Users,0,1
CUST-02280,0.3781,4465.02,Steady Core Customers,0,0
CUST-02281,0.5606,6342.73,High-Value Users,0,1
CUST-02282,0.6969,6637.64,High-Value Users,0,1
CUST-02283,0.5103,6201.82,High-Value Users,0,1
CUST-02284,0.1956,7577.35,High-Value Users,0,0
CUST-02285,0.6093,6563.52,High-Value Users,0,1
CUST-02286,0.5277,4809.79,Steady Core Customers,0,0
CUST-02287,0.4769,2913.17,Steady Core Customers,0,0
CUST-02288,0.4661,6822.67,High-Value Users,0,0
CUST-02289,0.2405,7871.85,High-Value Users,0,0
CUST-02290,0.4955,3732.07,Steady Core Customers,0,0
CUST-02291,0.609,3921.77,Steady Core Customers,0,0
CUST-02292,0.5109,4737.42,Steady Core Customers,0,0
CUST-02293,0.3013,8003.68,High-Value Users,0,0
CUST-02294,0.239,4901.31,Steady Core Customers,0,0
CUST-02295,0.6066,4411.36,Steady Core Customers,0,0
CUST-02296,0.3775,7849.34,High-Value Users,0,0
CUST-02297,0.2005,6784.97,High-Value Users,0,0
CUST-02298,0.2684,8436.91,High-Value Users,0,0
CUST-02299,0.5886,4958.29,High-Value Users,0,0
CUST-02300,0.1987,5754.4,High-Value Users,0,0
CUST-02301,0.3129,5378.74,High-Value Users,0,0
CUST-02302,0.4002,5990.31,High-Value Users,0,0
CUST-02303,0.5587,5902.85,High-Value Users,0,1
CUST-02304,0.4154,4619.73,Steady Core Customers,0,0
CUST-02305,0.6264,5223.83,High-Value Users,0,0
CUST-02306,0.6717,5729.43,High-Value Users,0,1
CUST-02307,0.2206,6124.25,Steady Core Customers,0,0
CUST-02308,0.1875,6432.78,Steady Core Customers,0,0
CUST-02309,0.5844,3757.08,Steady Core Customers,0,0
CUST-02310,0.581,4138.25,Steady Core Customers,0,0
CUST-02311,0.2606,6036.07,High-Value Users,0,0
CUST-02312,0.6568,3896.6,Steady Core Customers,0,0
CUST-02313,0.3603,7153.94,High-Value Users,0,0
CUST-02314,0.1929,6607.28,High-Value Users,0,0
CUST-02315,0.5646,4595.94,High-Value Users,0,0
CUST-02316,0.5793,5459.33,High-Value Users,0,1
CUST-02317,0.2158,5434.03,High-Value Users,0,0
CUST-02318,0.3146,2891.19,Steady Core Customers,0,0
CUST-02319,0.5072,4299.11,Steady Core Customers,0,0
CUST-02320,0.2829,8098.37,High-Value Users,0,0
CUST-02321,0.144,5286.19,Steady Core Customers,0,0
CUST-02322,0.6312,4338.1,Steady Core Customers,0,0
CUST-02323,0.3172,4406.05,Steady Core Customers,0,0
CUST-02324,0.4727,5693.0,High-Value Users,0,0
CUST-02325,0.4321,4362.37,Steady Core Customers,1,0
CUST-02326,0.6127,4925.96,Steady Core Customers,0,0
CUST-02327,0.4936,3826.98,Steady Core Customers,0,0
CUST-02328,0.4972,5470.75,High-Value Users,1,0
CUST-02329,0.3034,7296.34,High-Value Users,0,0
CUST-02330,0.3749,3789.77,Steady Core Customers,0,0
CUST-02331,0.2379,4139.74,Steady Core Customers,0,0
CUST-02332,0.434,6914.84,High-Value Users,0,0
CUST-02333,0.2118,6624.33,High-Value Users,0,0
CUST-02334,0.5163,4956.01,High-Value Users,0,0
CUST-02335,0.6067,3337.9,Steady Core Customers,0,0
CUST-02336,0.235,4756.01,Steady Core Customers,0,0
CUST-02337,0.3903,8281.1,High-Value Users,0,0
CUST-02338,0.5496,3475.69,Steady Core Customers,0,0
CUST-02339,0.5141,4106.9,Steady Core Customers,0,0
CUST-02340,0.2935,6681.52,High-Value Users,0,0
CUST-02341,0.328,5356.62,Steady Core Customers,0,0
CUST-02342,0.4897,4228.73,Steady Core Customers,0,0
CUST-02343,0.1803,4331.36,Steady Core Customers,0,0
CUST-02344,0.707,3071.39,Steady Core Customers,0,0
CUST-02345,0.6519,5545.55,High-Value Users,0,1
CUST-02346,0.3972,6614.11,High-Value Users,0,0
CUST-02347,0.1343,4393.53,Steady Core Customers,0,0
CUST-02348,0.4796,3767.01,Steady Core Customers,0,0
CUST-02349,0.5295,6612.38,High-Value Users,0,1
CUST-02350,0.4388,4884.18,High-Value Users,0,0
CUST-02351,0.1965,5056.99,Steady Core Customers,0,0
CUST-02352,0.545,5384.25,High-Value Users,0,1
CUST-02353,0.4021,5121.16,High-Value Users,0,0
CUST-02354,0.5926,2500.91,Steady Core Customers,0,0
CUST-02355,0.3268,6909.26,High-Value Users,0,0
CUST-02356,0.6092,4036.45,Steady Core Customers,0,0
CUST-02357,0.3747,6484.47,High-Value Users,0,0
CUST-02358,0.5996,3016.9,Steady Core Customers,1,0
CUST-02359,0.5849,6792.14,High-Value Users,0,1
CUST-02360,0.6016,5722.16,High-Value Users,0,1
CUST-02361,0.5972,4499.09,Steady Core Customers,0,0
CUST-02362,0.5897,4024.48,Steady Core Customers,0,0
CUST-02363,0.6175,2464.93,Steady Core Customers,0,0
CUST-02364,0.5866,5364.46,High-Value Users,0,1
CUST-02365,0.5115,5165.28,High-Value Users,0,0
CUST-02366,0.6508,5402.73,High-Value Users,0,1
CUST-02367,0.545,3586.15,Steady Core Customers,0,0
CUST-02368,0.6029,4973.4,High-Value Users,0,0
CUST-02369,0.538,6603.97,High-Value Users,0,1
CUST-02370,0.2835,4406.65,Steady Core Customers,0,0
CUST-02371,0.2735,8138.86,High-Value Users,0,0
CUST-02372,0.2894,5115.61,Steady Core Customers,0,0
CUST-02373,0.6319,4011.66,High-Value Users,0,0
CUST-02374,0.1898,9036.47,High-Value Users,0,0
CUST-02375,0.1601,8096.74,High-Value Users,0,0
CUST-02376,0.5477,5277.98,High-Value Users,0,0
CUST-02377,0.4163,4193.56,Steady Core Customers,0,0
CUST-02378,0.2774,7358.94,High-Value Users,0,0
CUST-02379,0.2447,6908.68,High-Value Users,0,0
CUST-02380,0.3717,5354.37,Steady Core Customers,0,0
CUST-02381,0.2692,4663.74,Steady Core Customers,0,0
CUST-02382,0.2333,6889.58,High-Value Users,0,0
CUST-02383,0.2866,4353.79,Steady Core Customers,0,0
CUST-02384,0.6222,3494.32,Steady Core Customers,0,0
CUST-02385,0.5244,5851.39,High-Value Users,0,1
CUST-02386,0.236,7411.77,High-Value Users,0,0
CUST-02387,0.5417,5555.35,High-Value Users,0,1
CUST-02388,0.328,5602.95,High-Value Users,0,0
CUST-02389,0.6277,4775.94,Steady Core Customers,0,0
CUST-02390,0.6564,3833.66,Steady Core Customers,0,0
CUST-02391,0.628,5325.67,High-Value Users,0,1
CUST-02392,0.4052,7532.42,High-Value Users,0,0
CUST-02393,0.5366,5302.77,High-Value Users,0,0
CUST-02394,0.3697,6904.6,High-Value Users,0,0
CUST-02395,0.5156,3108.17,Steady Core Customers,0,0
CUST-02396,0.1842,5320.49,Steady Core Customers,0,0
CUST-02397,0.3412,4009.76,Steady Core Customers,0,0
CUST-02398,0.224,4983.07,Steady Core Customers,0,0
CUST-02399,0.4993,3853.4,Steady Core Customers,0,0
CUST-02400,0.463,5738.34,High-Value Users,0,0
CUST-02401,0.357,4938.75,Steady Core Customers,0,0
CUST-02402,0.2112,7033.28,High-Value Users,0,0
CUST-02403,0.4815,4265.58,Steady Core Customers,0,0
CUST-02404,0.2918,4273.31,Steady Core Customers,0,0
CUST-02405,0.2233,6428.55,High-Value Users,0,0
CUST-02406,0.7012,4576.4,Steady Core Customers,0,0
CUST-02407,0.4245,5489.54,Steady Core Customers,0,0
CUST-02408,0.607,4657.04,High-Value Users,0,0
CUST-02409,0.6007,4350.91,High-Value Users,0,0
CUST-02410,0.2448,4055.53,Steady Core Customers,0,0
CUST-02411,0.5713,5665.51,High-Value Users,0,1
CUST-02412,0.2358,6635.18,High-Value Users,0,0
CUST-02413,0.4354,8583.19,High-Value Users,0,0
CUST-02414,0.1954,6344.19,Steady Core Customers,0,0
CUST-02415,0.5368,3596.73,Steady Core Customers,0,0
CUST-02416,0.4313,4233.09,Steady Core Customers,0,0
CUST-02417,0.5904,4722.81,Steady Core Customers,0,0
CUST-02418,0.3111,4545.34,Steady Core Customers,0,0
CUST-02419,0.6825,4729.53,Steady Core Customers,0,0
CUST-02420,0.2113,6293.1,High-Value Users,1,0
CUST-02421,0.4834,4804.75,Steady Core Customers,0,0
CUST-02422,0.4115,4125.37,Steady Core Customers,0,0
CUST-02423,0.2222,6861.18,High-Value Users,0,0
CUST-02424,0.1609,4186.74,Steady Core Customers,0,0
CUST-02425,0.6053,6471.26,High-Value Users,0,1
CUST-02426,0.3261,6077.28,High-Value Users,0,0
CUST-02427,0.5305,5055.69,Steady Core Customers,0,0
CUST-02428,0.2857,4755.52,Steady Core Customers,0,0
CUST-02429,0.4543,4292.33,Steady Core Customers,0,0
CUST-02430,0.5526,3139.64,Steady Core Customers,0,0
CUST-02431,0.4566,4553.02,Steady Core Customers,0,0
CUST-02432,0.5481,6816.75,High-Value Users,1,1
CUST-02433,0.4453,7321.17,High-Value Users,0,0
CUST-02434,0.5287,6210.16,High-Value Users,0,1
CUST-02435,0.5452,6049.68,High-Value Users,0,1
CUST-02436,0.6565,5554.72,High-Value Users,0,1
CUST-02437,0.6196,4748.9,High-Value Users,0,0
CUST-02438,0.3453,4668.93,Steady Core Customers,0,0
CUST-02439,0.516,6887.74,High-Value Users,0,1
CUST-02440,0.2235,5827.34,High-Value Users,0,0
CUST-02441,0.2771,8074.6,High-Value Users,0,0
CUST-02442,0.503,4325.06,High-Value Users,0,0
CUST-02443,0.1921,5732.38,High-Value Users,0,0
CUST-02444,0.5472,5082.8,High-Value Users,0,0
CUST-02445,0.5901,5318.8,High-Value Users,0,1
CUST-02446,0.5951,3035.04,Steady Core Customers,1,0
CUST-02447,0.7057,4811.54,High-Value Users,0,0
CUST-02448,0.5364,4135.51,Steady Core Customers,0,0
CUST-02449,0.575,4522.72,Steady Core Customers,0,0
CUST-02450,0.2248,4793.91,Steady Core Customers,0,0
CUST-02451,0.5718,6588.34,High-Value Users,0,1
CUST-02452,0.1793,7067.82,High-Value Users,0,0
CUST-02453,0.6743,2865.97,Steady Core Customers,0,0
CUST-02454,0.4154,5421.25,Steady Core Customers,0,0
CUST-02455,0.6788,5992.91,High-Value Users,0,1
CUST-02456,0.3736,6725.11,High-Value Users,0,0
CUST-02457,0.4589,5314.03,High-Value Users,0,0
CUST-02458,0.376,9134.54,High-Value Users,0,0
CUST-02459,0.2112,5441.95,Steady Core Customers,0,0
CUST-02460,0.6876,6035.63,High-Value Users,0,1
CUST-02461,0.32,6266.13,High-Value Users,0,0
CUST-02462,0.2902,6303.16,High-Value Users,0,0
CUST-02463,0.2395,6843.16,High-Value Users,0,0
CUST-02464,0.5723,5214.77,High-Value Users,0,0
CUST-02465,0.3112,5247.25,Steady Core Customers,0,0
CUST-02466,0.1852,3642.97,Steady Core Customers,0,0
CUST-02467,0.5044,5398.81,High-Value Users,0,1
CUST-02468,0.6901,7471.21,High-Value Users,0,1
CUST-02469,0.598,6341.71,High-Value Users,0,1
CUST-02470,0.1716,4157.72,Steady Core Customers,0,0
CUST-02471,0.6201,7136.03,High-Value Users,0,1
CUST-02472,0.6241,2942.43,Steady Core Customers,0,0
CUST-02473,0.5257,5572.18,High-Value Users,0,1
CUST-02474,0.1943,6819.21,High-Value Users,0,0
CUST-02475,0.2371,5175.78,High-Value Users,0,0
CUST-02476,0.7586,5708.46,High-Value Users,0,1
CUST-02477,0.3656,5579.46,High-Value Users,0,0
CUST-02478,0.3553,2392.89,Steady Core Customers,1,0
CUST-02479,0.614,4146.6,Steady Core Customers,0,0
CUST-02480,0.5524,5330.35,Steady Core Customers,0,1
CUST-02481,0.1914,7184.55,High-Value Users,0,0
CUST-02482,0.492,3594.98,Steady Core Customers,0,0
CUST-02483,0.685,4755.76,Steady Core Customers,0,0
CUST-02484,0.4855,5810.09,High-Value Users,0,0
CUST-02485,0.3491,6424.12,High-Value Users,0,0
CUST-02486,0.202,6351.96,High-Value Users,0,0
CUST-02487,0.7264,4535.27,Steady Core Customers,0,0
CUST-02488,0.2253,5513.74,Steady Core Customers,0,0
CUST-02489,0.1972,4231.93,Steady Core Customers,0,0
CUST-02490,0.1851,4373.01,Steady Core Customers,0,0
CUST-02491,0.5812,6707.48,High-Value Users,0,1
CUST-02492,0.5274,5088.2,High-Value Users,0,0
CUST-02493,0.2222,6457.55,High-Value Users,0,0
CUST-02494,0.5785,5774.78,High-Value Users,0,1
CUST-02495,0.6055,6756.41,High-Value Users,0,1
CUST-02496,0.6111,4822.19,Steady Core Customers,0,0
CUST-02497,0.2044,6854.14,High-Value Users,0,0
CUST-02498,0.6425,5618.95,High-Value Users,0,1
CUST-02499,0.5075,4718.32,Steady Core Customers,0,0
CUST-02500,0.3661,6407.8,High-Value Users,0,0
CUST-02501,0.6336,5730.0,High-Value Users,0,1
CUST-02502,0.5826,7192.3,High-Value Users,0,1
CUST-02503,0.3954,4300.75,Steady Core Customers,0,0
CUST-02504,0.6015,3692.53,Steady Core Customers,0,0
CUST-02505,0.2039,3217.32,Steady Core Customers,0,0
CUST-02506,0.4621,6504.62,High-Value Users,0,0
CUST-02507,0.1856,7357.13,High-Value Users,0,0
CUST-02508,0.6038,4141.05,Steady Core Customers,0,0
CUST-02509,0.5993,5560.23,High-Value Users,0,1
CUST-02510,0.5439,5913.74,High-Value Users,0,1
CUST-02511,0.7141,3724.82,Steady Core Customers,0,0
CUST-02512,0.6791,5371.22,High-Value Users,0,1
CUST-02513,0.4746,5391.39,High-Value Users,0,0
CUST-02514,0.2687,4924.43,Steady Core Customers,0,0
CUST-02515,0.5633,3251.53,Steady Core Customers,0,0
CUST-02516,0.2062,4615.98,Steady Core Customers,0,0
CUST-02517,0.4223,4844.41,Steady Core Customers,0,0
CUST-02518,0.6992,5669.7,High-Value Users,0,1
CUST-02519,0.2771,6866.39,High-Value Users,0,0
CUST-02520,0.5279,4602.1,Steady Core Customers,0,0
CUST-02521,0.5776,4617.65,Steady Core Customers,0,0
CUST-02522,0.6027,5089.25,High-Value Users,0,0
CUST-02523,0.4623,5455.37,High-Value Users,0,0
CUST-02524,0.2405,7874.23,High-Value Users,0,0
CUST-02525,0.6373,4773.07,High-Value Users,0,0
CUST-02526,0.1388,5747.99,Steady Core Customers,0,0
CUST-02527,0.4015,4315.33,Steady Core Customers,0,0
CUST-02528,0.6339,5939.86,High-Value Users,0,1
CUST-02529,0.6024,4403.7,Steady Core Customers,0,0
CUST-02530,0.7234,5607.76,High-Value Users,0,1
CUST-02531,0.2855,6551.3,High-Value Users,0,0
CUST-02532,0.2494,7995.55,High-Value Users,0,0
CUST-02533,0.6172,5182.1,High-Value Users,0,0
CUST-02534,0.5964,5270.49,High-Value Users,0,0
CUST-02535,0.1961,8633.66,High-Value Users,0,0
CUST-02536,0.614,3976.22,Steady Core Customers,0,0
CUST-02537,0.4045,4180.7,Steady Core Customers,0,0
CUST-02538,0.5928,6026.68,High-Value Users,0,1
CUST-02539,0.6407,5305.77,High-Value Users,0,0
CUST-02540,0.6759,5759.33,High-Value Users,0,1
CUST-02541,0.5013,5653.7,High-Value Users,0,1
CUST-02542,0.2028,5862.05,Steady Core Customers,0,0
CUST-02543,0.6041,5402.52,High-Value Users,0,1
CUST-02544,0.1988,5938.63,Steady Core Customers,0,0
CUST-02545,0.3269,5034.77,Steady Core Customers,0,0
CUST-02546,0.5478,3230.22,Steady Core Customers,0,0
CUST-02547,0.5072,3599.65,Steady Core Customers,0,0
CUST-02548,0.5975,3345.75,Steady Core Customers,0,0
CUST-02549,0.2485,3761.57,Steady Core Customers,0,0
CUST-02550,0.589,4022.88,Steady Core Customers,0,0
CUST-02551,0.2393,7498.78,High-Value Users,0,0
CUST-02552,0.2533,5072.74,Steady Core Customers,0,0
CUST-02553,0.2307,2725.07,Steady Core Customers,0,0
CUST-02554,0.4949,3643.41,Steady Core Customers,0,0
CUST-02555,0.2253,4612.13,Steady Core Customers,0,0
CUST-02556,0.3432,6309.09,High-Value Users,0,0
CUST-02557,0.2048,4371.56,Steady Core Customers,0,0
CUST-02558,0.7301,3212.86,Steady Core Customers,0,0
CUST-02559,0.3554,6325.76,High-Value Users,0,0
CUST-02560,0.4231,4742.3,Steady Core Customers,0,0
CUST-02561,0.2234,6459.27,High-Value Users,0,0
CUST-02562,0.6362,4823.39,High-Value Users,0,0
CUST-02563,0.6279,5895.04,High-Value Users,0,1
CUST-02564,0.2497,4684.6,Steady Core Customers,0,0
CUST-02565,0.6197,5344.58,Steady Core Customers,0,1
CUST-02566,0.388,7100.88,High-Value Users,0,0
CUST-02567,0.2247,5611.93,Steady Core Customers,0,0
CUST-02568,0.1819,7072.62,High-Value Users,0,0
CUST-02569,0.3904,4262.53,Steady Core Customers,0,0
CUST-02570,0.4016,4744.97,Steady Core Customers,0,0
CUST-02571,0.549,5412.99,High-Value Users,0,1
CUST-02572,0.2316,5894.13,High-Value Users,0,0
CUST-02573,0.5334,5357.15,High-Value Users,0,1
CUST-02574,0.5214,4444.49,Steady Core Customers,0,0
CUST-02575,0.5547,2914.12,Steady Core Customers,0,0
CUST-02576,0.5666,3269.36,Steady Core Customers,0,0
CUST-02577,0.1579,7027.09,High-Value Users,0,0
CUST-02578,0.6497,6489.29,High-Value Users,0,1
CUST-02579,0.6222,5193.09,Steady Core Customers,0,0
CUST-02580,0.1907,3281.57,Steady Core Customers,0,0
CUST-02581,0.2646,6535.19,High-Value Users,0,0
CUST-02582,0.6186,6120.15,High-Value Users,0,1
CUST-02583,0.2018,6862.97,High-Value Users,0,0
CUST-02584,0.5099,4589.45,Steady Core Customers,0,0
CUST-02585,0.2646,5771.19,Steady Core Customers,0,0
CUST-02586,0.5132,3933.47,Steady Core Customers,0,0
CUST-02587,0.5532,6559.21,High-Value Users,0,1
CUST-02588,0.7132,5572.01,High-Value Users,0,1
CUST-02589,0.3119,5234.18,Steady Core Customers,0,0
CUST-02590,0.6293,5661.89,High-Value Users,0,1
CUST-02591,0.5653,5211.15,High-Value Users,0,0
CUST-02592,0.363,5668.7,High-Value Users,0,0
CUST-02593,0.4412,4084.2,Steady Core Customers,0,0
CUST-02594,0.199,4364.75,Steady Core Customers,0,0
CUST-02595,0.5944,5442.82,High-Value Users,0,1
CUST-02596,0.6145,5863.17,High-Value Users,0,1
CUST-02597,0.6728,4885.43,Steady Core Customers,0,0
CUST-02598,0.5645,5160.77,Steady Core Customers,0,0
CUST-02599,0.5032,5838.41,High-Value Users,0,1
CUST-02600,0.3631,5852.88,High-Value Users,0,0
CUST-02601,0.3083,6296.23,High-Value Users,0,0
CUST-02602,0.5477,5555.37,High-Value Users,0,1
CUST-02603,0.5524,4682.63,High-Value Users,0,0
CUST-02604,0.2359,4848.8,Steady Core Customers,0,0
CUST-02605,0.5909,3941.58,Steady Core Customers,0,0
CUST-02606,0.2314,5634.38,High-Value Users,0,0
CUST-02607,0.1852,9071.39,High-Value Users,0,0
CUST-02608,0.3821,5825.72,High-Value Users,0,0
CUST-02609,0.2363,4622.4,Steady Core Customers,0,0
CUST-02610,0.3483,7876.52,High-Value Users,0,0
CUST-02611,0.4934,5248.0,High-Value Users,0,0
CUST-02612,0.272,6458.01,High-Value Users,0,0
CUST-02613,0.6103,4817.32,High-Value Users,0,0
CUST-02614,0.4304,5423.71,Steady Core Customers,0,0
CUST-02615,0.4413,4943.1,High-Value Users,0,0
CUST-02616,0.612,3904.58,Steady Core Customers,0,0
CUST-02617,0.1801,8527.77,High-Value Users,0,0
CUST-02618,0.4934,2407.31,Steady Core Customers,0,0
CUST-02619,0.1657,6986.82,High-Value Users,0,0
CUST-02620,0.2345,4134.24,Steady Core Customers,0,0
CUST-02621,0.1517,7717.19,High-Value Users,0,0
CUST-02622,0.201,3897.69,Steady Core Customers,0,0
CUST-02623,0.2816,8106.82,High-Value Users,0,0
CUST-02624,0.2233,4834.48,Steady Core Customers,0,0
CUST-02625,0.3296,8181.7,High-Value Users,0,0
CUST-02626,0.5186,5982.3,High-Value Users,0,1
CUST-02627,0.2919,8057.39,High-Value Users,0,0
CUST-02628,0.378,4000.92,Steady Core Customers,0,0
CUST-02629,0.5797,6788.56,High-Value Users,0,1
CUST-02630,0.565,3464.41,Steady Core Customers,0,0
CUST-02631,0.5314,5466.45,High-Value Users,0,1
CUST-02632,0.4306,4906.19,Steady Core Customers,0,0
CUST-02633,0.5012,4903.69,High-Value Users,0,0
CUST-02634,0.2517,6716.81,High-Value Users,0,0
CUST-02635,0.2455,5716.34,Steady Core Customers,0,0
CUST-02636,0.2517,5609.68,Steady Core Customers,0,0
CUST-02637,0.169,7130.16,High-Value Users,0,0
CUST-02638,0.1886,10019.82,High-Value Users,0,0
CUST-02639,0.3323,6626.22,High-Value Users,0,0
CUST-02640,0.5349,6680.17,High-Value Users,0,1
CUST-02641,0.257,4582.32,Steady Core Customers,0,0
CUST-02642,0.3628,6173.27,High-Value Users,1,0
CUST-02643,0.5625,4552.44,High-Value Users,0,0
CUST-02644,0.7026,5964.86,High-Value Users,0,1
CUST-02645,0.4913,7237.4,High-Value Users,0,0
CUST-02646,0.3075,6578.78,High-Value Users,0,0
CUST-02647,0.6081,5715.47,High-Value Users,0,1
CUST-02648,0.3059,5040.21,Steady Core Customers,0,0
CUST-02649,0.4221,5678.96,High-Value Users,0,0
CUST-02650,0.6225,5806.11,High-Value Users,0,1
CUST-02651,0.4529,3492.28,Steady Core Customers,0,0
CUST-02652,0.5273,4011.77,Steady Core Customers,0,0
CUST-02653,0.1919,5144.52,Steady Core Customers,0,0
CUST-02654,0.6262,5428.44,Steady Core Customers,0,1
CUST-02655,0.3992,4298.39,Steady Core Customers,0,0
CUST-02656,0.4001,5890.0,High-Value Users,0,0
CUST-02657,0.3284,6583.18,High-Value Users,0,0
CUST-02658,0.2814,6368.04,Steady Core Customers,0,0
CUST-02659,0.2388,5719.24,Steady Core Customers,0,0
CUST-02660,0.2336,4675.4,Steady Core Customers,0,0
CUST-02661,0.2593,6262.42,Steady Core Customers,0,0
CUST-02662,0.4099,4379.95,Steady Core Customers,0,0
CUST-02663,0.5125,5594.83,High-Value Users,0,1
CUST-02664,0.5412,4713.02,Steady Core Customers,0,0
CUST-02665,0.7255,6085.51,High-Value Users,0,1
CUST-02666,0.698,5722.91,High-Value Users,0,1
CUST-02667,0.576,4625.87,Steady Core Customers,0,0
CUST-02668,0.4439,5350.11,High-Value Users,0,0
CUST-02669,0.3792,5056.54,Steady Core Customers,0,0
CUST-02670,0.3537,4393.98,Steady Core Customers,0,0
CUST-02671,0.4768,5975.59,High-Value Users,0,0
CUST-02672,0.2384,4015.85,Steady Core Customers,0,0
CUST-02673,0.3032,8223.78,High-Value Users,0,0
CUST-02674,0.6374,4469.94,Steady Core Customers,0,0
CUST-02675,0.6333,5632.52,High-Value Users,0,1
CUST-02676,0.7036,4774.86,High-Value Users,0,0
CUST-02677,0.39,3899.44,Steady Core Customers,0,0
CUST-02678,0.658,4858.61,High-Value Users,0,0
CUST-02679,0.5988,4945.88,High-Value Users,0,0
CUST-02680,0.2248,7542.98,High-Value Users,0,0
CUST-02681,0.2689,5302.47,Steady Core Customers,0,0
CUST-02682,0.3465,4851.96,Steady Core Customers,0,0
CUST-02683,0.3314,5272.87,Steady Core Customers,0,0
CUST-02684,0.2737,5212.19,Steady Core Customers,0,0
CUST-02685,0.3115,7601.58,High-Value Users,0,0
CUST-02686,0.2556,5522.11,Steady Core Customers,0,0
CUST-02687,0.2212,5757.94,Steady Core Customers,0,0
CUST-02688,0.414,5289.32,Steady Core Customers,0,0
CUST-02689,0.2901,5548.19,High-Value Users,0,0
CUST-02690,0.2146,7516.55,High-Value Users,0,0
CUST-02691,0.6081,5353.56,High-Value Users,0,1
CUST-02692,0.5452,5847.38,High-Value Users,0,1
CUST-02693,0.5664,4664.11,Steady Core Customers,0,0
CUST-02694,0.6182,6307.97,High-Value Users,0,1
CUST-02695,0.4999,5133.39,Steady Core Customers,0,0
CUST-02696,0.4522,2976.72,Steady Core Customers,0,0
CUST-02697,0.6476,5646.27,High-Value Users,0,1
CUST-02698,0.2537,7778.67,High-Value Users,0,0
CUST-02699,0.6575,4202.68,Steady Core Customers,0,0
CUST-02700,0.5141,4542.84,Steady Core Customers,0,0
CUST-02701,0.4855,3867.33,Steady Core Customers,0,0
CUST-02702,0.5807,4069.77,Steady Core Customers,0,0
CUST-02703,0.331,5463.75,Steady Core Customers,0,0
CUST-02704,0.3854,5449.15,Steady Core Customers,1,0
CUST-02705,0.5842,3795.15,Steady Core Customers,0,0
CUST-02706,0.3634,3898.19,Steady Core Customers,0,0
CUST-02707,0.6311,2908.95,Steady Core Customers,0,0
CUST-02708,0.3949,5357.36,Steady Core Customers,0,0
CUST-02709,0.2476,6370.79,High-Value Users,0,0
CUST-02710,0.1953,6346.44,Steady Core Customers,0,0
CUST-02711,0.5547,5777.7,High-Value Users,0,1
CUST-02712,0.2708,7433.16,High-Value Users,0,0
CUST-02713,0.1909,5804.7,Steady Core Customers,0,0
CUST-02714,0.284,7324.91,High-Value Users,0,0
CUST-02715,0.5486,3525.37,Steady Core Customers,0,0
CUST-02716,0.6219,7370.05,High-Value Users,0,1
CUST-02717,0.4529,4673.25,Steady Core Customers,0,0
CUST-02718,0.5582,5969.58,High-Value Users,0,1
CUST-02719,0.2014,7700.15,High-Value Users,0,0
CUST-02720,0.7148,6625.61,High-Value Users,0,1
CUST-02721,0.4629,3195.1,Steady Core Customers,0,0
CUST-02722,0.1434,6179.55,High-Value Users,0,0
CUST-02723,0.6146,3938.2,Steady Core Customers,0,0
CUST-02724,0.1666,3872.93,Steady Core Customers,0,0
CUST-02725,0.3677,3692.56,Steady Core Customers,0,0
CUST-02726,0.1697,7035.65,High-Value Users,0,0
CUST-02727,0.2576,6375.71,High-Value Users,0,0
CUST-02728,0.6966,3941.21,Steady Core Customers,0,0
CUST-02729,0.5775,6080.82,High-Value Users,0,1
CUST-02730,0.215,7277.41,High-Value Users,0,0
CUST-02731,0.5096,6899.0,High-Value Users,0,1
CUST-02732,0.5323,5975.42,High-Value Users,0,1
CUST-02733,0.3314,5905.43,High-Value Users,0,0
CUST-02734,0.3541,2667.55,Steady Core Customers,0,0
CUST-02735,0.5693,5238.86,High-Value Users,0,0
CUST-02736,0.5579,4358.95,Steady Core Customers,0,0
CUST-02737,0.5458,3514.83,Steady Core Customers,1,0
CUST-02738,0.3199,4756.89,Steady Core Customers,0,0
CUST-02739,0.5651,4868.83,High-Value Users,0,0
CUST-02740,0.5707,5972.48,High-Value Users,0,1
CUST-02741,0.512,5505.08,High-Value Users,0,1
CUST-02742,0.2705,8272.38,High-Value Users,0,0
CUST-02743,0.49,5582.7,High-Value Users,0,0
CUST-02744,0.5184,3091.79,Steady Core Customers,0,0
CUST-02745,0.4606,6924.56,High-Value Users,0,0
CUST-02746,0.5051,4058.3,Steady Core Customers,0,0
CUST-02747,0.2882,5011.16,Steady Core Customers,0,0
CUST-02748,0.4412,5627.77,High-Value Users,0,0
CUST-02749,0.4981,4795.81,Steady Core Customers,0,0
CUST-02750,0.441,3978.04,Steady Core Customers,0,0
CUST-02751,0.1366,4621.71,Steady Core Customers,0,0
CUST-02752,0.6089,3473.23,Steady Core Customers,0,0
CUST-02753,0.4218,6016.11,High-Value Users,0,0
CUST-02754,0.6054,4433.34,Steady Core Customers,0,0
CUST-02755,0.5543,3737.06,Steady Core Customers,0,0
CUST-02756,0.3396,5655.29,High-Value Users,0,0
CUST-02757,0.1939,4828.12,Steady Core Customers,0,0
CUST-02758,0.5765,4301.35,Steady Core Customers,0,0
CUST-02759,0.4004,3032.57,Steady Core Customers,0,0
CUST-02760,0.5181,4119.5,Steady Core Customers,0,0
CUST-02761,0.2446,7696.75,High-Value Users,0,0
CUST-02762,0.5678,3505.42,Steady Core Customers,0,0
CUST-02763,0.4933,5163.47,Steady Core Customers,0,0
CUST-02764,0.2532,7242.6,High-Value Users,0,0
CUST-02765,0.1803,5171.76,Steady Core Customers,0,0
CUST-02766,0.5178,3991.65,Steady Core Customers,0,0
CUST-02767,0.5953,4899.04,High-Value Users,0,0
CUST-02768,0.3323,5332.75,High-Value Users,0,0
CUST-02769,0.1584,7165.81,High-Value Users,0,0
CUST-02770,0.5735,6694.5,High-Value Users,0,1
CUST-02771,0.5073,3045.95,Steady Core Customers,0,0
CUST-02772,0.4642,4175.67,Steady Core Customers,0,0
CUST-02773,0.4717,5331.77,High-Value Users,0,0
CUST-02774,0.4885,4136.25,Steady Core Customers,0,0
CUST-02775,0.3563,7120.75,High-Value Users,0,0
CUST-02776,0.3445,2545.33,Steady Core Customers,1,0
CUST-02777,0.5196,5280.88,High-Value Users,0,0
CUST-02778,0.3142,9708.74,High-Value Users,0,0
CUST-02779,0.5404,5929.86,High-Value Users,0,1
CUST-02780,0.4657,3546.01,Steady Core Customers,0,0
CUST-02781,0.2711,4843.21,Steady Core Customers,0,0
CUST-02782,0.7027,5743.48,High-Value Users,0,1
CUST-02783,0.176,6949.38,Steady Core Customers,0,0
CUST-02784,0.4391,5167.37,High-Value Users,0,0
CUST-02785,0.6732,5680.58,High-Value Users,0,1
CUST-02786,0.2128,6433.19,High-Value Users,0,0
CUST-02787,0.6677,3559.86,Steady Core Customers,0,0
CUST-02788,0.535,5771.9,High-Value Users,0,1
CUST-02789,0.6167,6450.98,High-Value Users,0,1
CUST-02790,0.1555,3587.14,Steady Core Customers,0,0
CUST-02791,0.6759,5628.21,High-Value Users,0,1
CUST-02792,0.423,5366.96,High-Value Users,0,0
CUST-02793,0.3789,6051.35,High-Value Users,0,0
CUST-02794,0.497,8080.75,High-Value Users,1,0
CUST-02795,0.5125,5575.63,High-Value Users,0,1
CUST-02796,0.6092,4965.79,High-Value Users,0,0
CUST-02797,0.1731,6606.98,High-Value Users,0,0
CUST-02798,0.5314,5814.73,High-Value Users,0,1
CUST-02799,0.2603,5440.79,High-Value Users,0,0
CUST-02800,0.5968,5700.54,High-Value Users,0,1
CUST-02801,0.4749,7125.45,High-Value Users,0,0
CUST-02802,0.2347,6271.6,High-Value Users,0,0
CUST-02803,0.4628,2615.89,Steady Core Customers,0,0
CUST-02804,0.5559,6614.2,High-Value Users,0,1
CUST-02805,0.2388,4473.08,Steady Core Customers,0,0
CUST-02806,0.3267,5541.69,High-Value Users,0,0
CUST-02807,0.6326,4101.85,Steady Core Customers,0,0
CUST-02808,0.4047,3942.44,Steady Core Customers,0,0
CUST-02809,0.4997,6685.01,High-Value Users,0,0
CUST-02810,0.2555,3645.21,Steady Core Customers,0,0
CUST-02811,0.6282,4135.84,Steady Core Customers,0,0
CUST-02812,0.261,5714.96,High-Value Users,0,0
CUST-02813,0.2827,5074.2,Steady Core Customers,0,0
CUST-02814,0.2006,8402.85,High-Value Users,0,0
CUST-02815,0.4207,4640.35,Steady Core Customers,0,0
CUST-02816,0.6108,6184.82,High-Value Users,0,1
CUST-02817,0.5034,6171.35,High-Value Users,0,1
CUST-02818,0.6357,5494.25,High-Value Users,0,1
CUST-02819,0.5515,6231.82,High-Value Users,0,1
CUST-02820,0.2087,7052.26,High-Value Users,0,0
CUST-02821,0.6036,3376.79,Steady Core Customers,0,0
CUST-02822,0.4864,2417.54,Steady Core Customers,0,0
CUST-02823,0.5066,4166.78,Steady Core Customers,0,0
CUST-02824,0.252,7081.75,High-Value Users,0,0
CUST-02825,0.5584,6999.14,High-Value Users,0,1
CUST-02826,0.3498,6400.37,High-Value Users,0,0
CUST-02827,0.2521,3456.94,Steady Core Customers,1,0
CUST-02828,0.5924,5559.54,High-Value Users,0,1
CUST-02829,0.4348,8462.88,High-Value Users,0,0
CUST-02830,0.5137,6275.96,High-Value Users,0,1
CUST-02831,0.5238,3599.27,Steady Core Customers,0,0
CUST-02832,0.5346,5436.77,High-Value Users,0,1
CUST-02833,0.6611,4957.12,High-Value Users,0,0
CUST-02834,0.3452,5617.62,Steady Core Customers,0,0
CUST-02835,0.2271,4826.21,Steady Core Customers,0,0
CUST-02836,0.5795,5846.82,High-Value Users,0,1
CUST-02837,0.2612,5473.93,Steady Core Customers,0,0
CUST-02838,0.571,3719.96,Steady Core Customers,0,0
CUST-02839,0.5831,5408.34,Steady Core Customers,0,1
CUST-02840,0.2552,5756.29,Steady Core Customers,0,0
CUST-02841,0.5442,4163.74,Steady Core Customers,0,0
CUST-02842,0.2615,8501.95,High-Value Users,0,0
CUST-02843,0.6717,4855.96,High-Value Users,0,0
CUST-02844,0.3152,4547.86,Steady Core Customers,0,0
CUST-02845,0.6065,4750.84,Steady Core Customers,0,0
CUST-02846,0.46,4927.28,Steady Core Customers,0,0
CUST-02847,0.3488,7785.8,High-Value Users,0,0
CUST-02848,0.6669,4147.82,Steady Core Customers,0,0
CUST-02849,0.6667,6620.34,High-Value Users,0,1
CUST-02850,0.2244,4063.97,Steady Core Customers,0,0
CUST-02851,0.5039,4873.95,High-Value Users,0,0
CUST-02852,0.4799,4094.85,Steady Core Customers,0,0
CUST-02853,0.5708,4878.82,High-Value Users,0,0
CUST-02854,0.4104,4340.35,Steady Core Customers,0,0
CUST-02855,0.3455,7143.87,High-Value Users,0,0
CUST-02856,0.1776,7494.25,High-Value Users,0,0
CUST-02857,0.5825,4246.65,Steady Core Customers,0,0
CUST-02858,0.6189,5967.67,High-Value Users,0,1
CUST-02859,0.6568,4709.34,Steady Core Customers,0,0
CUST-02860,0.4961,3970.66,Steady Core Customers,0,0
CUST-02861,0.2296,3818.98,Steady Core Customers,0,0
CUST-02862,0.417,6132.69,High-Value Users,0,0
CUST-02863,0.2637,5593.35,Steady Core Customers,0,0
CUST-02864,0.364,6726.39,High-Value Users,0,0
CUST-02865,0.2312,5322.16,Steady Core Customers,0,0
CUST-02866,0.5662,6399.1,High-Value Users,0,1
CUST-02867,0.5931,2681.49,Steady Core Customers,1,0
CUST-02868,0.1876,8227.16,High-Value Users,0,0
CUST-02869,0.2917,5464.63,Steady Core Customers,0,0
CUST-02870,0.7019,4715.6,High-Value Users,0,0
CUST-02871,0.3061,7536.09,High-Value Users,0,0
CUST-02872,0.2332,7505.12,High-Value Users,0,0
CUST-02873,0.5656,4605.61,Steady Core Customers,0,0
CUST-02874,0.2801,5675.97,Steady Core Customers,0,0
CUST-02875,0.6833,5394.75,High-Value Users,0,1
CUST-02876,0.1888,4150.21,Steady Core Customers,0,0
CUST-02877,0.4998,2867.72,Steady Core Customers,0,0
CUST-02878,0.5565,4607.89,Steady Core Customers,0,0
CUST-02879,0.6761,2929.36,Steady Core Customers,0,0
CUST-02880,0.2478,3355.67,Steady Core Customers,0,0
CUST-02881,0.3721,8677.96,High-Value Users,0,0
CUST-02882,0.5053,4654.84,Steady Core Customers,0,0
CUST-02883,0.5041,5309.52,High-Value Users,0,0
CUST-02884,0.5395,5025.36,High-Value Users,0,0
CUST-02885,0.5242,6864.24,High-Value Users,0,1
CUST-02886,0.2566,3653.8,Steady Core Customers,0,0
CUST-02887,0.5009,4066.1,Steady Core Customers,1,0
CUST-02888,0.1758,6276.52,Steady Core Customers,0,0
CUST-02889,0.1964,5688.74,Steady Core Customers,0,0
CUST-02890,0.6487,4450.31,Steady Core Customers,0,0
CUST-02891,0.5463,3969.83,Steady Core Customers,0,0
CUST-02892,0.1594,7776.16,High-Value Users,0,0
CUST-02893,0.2971,4807.2,Steady Core Customers,0,0
CUST-02894,0.2874,6821.98,High-Value Users,0,0
CUST-02895,0.4097,2487.76,Steady Core Customers,0,0
CUST-02896,0.5762,5873.43,High-Value Users,0,1
CUST-02897,0.3483,6389.92,High-Value Users,0,0
CUST-02898,0.4521,4719.03,Steady Core Customers,0,0
CUST-02899,0.343,5478.24,Steady Core Customers,0,0
CUST-02900,0.2787,2901.02,Steady Core Customers,1,0
CUST-02901,0.597,5324.74,High-Value Users,0,1
CUST-02902,0.7359,5703.59,High-Value Users,0,1
CUST-02903,0.5193,2929.46,Steady Core Customers,0,0
CUST-02904,0.2206,6430.76,High-Value Users,0,0
CUST-02905,0.6323,5729.09,High-Value Users,0,1
CUST-02906,0.5601,4495.64,High-Value Users,0,0
CUST-02907,0.3071,7415.33,High-Value Users,0,0
CUST-02908,0.2185,5634.5,Steady Core Customers,0,0
CUST-02909,0.6451,5477.95,High-Value Users,0,1
CUST-02910,0.19,6415.03,High-Value Users,0,0
CUST-02911,0.6452,6132.86,High-Value Users,0,1
CUST-02912,0.2085,6821.61,High-Value Users,0,0
CUST-02913,0.1853,4603.33,Steady Core Customers,0,0
CUST-02914,0.6736,5357.41,High-Value Users,0,1
CUST-02915,0.7424,5292.43,High-Value Users,0,0
CUST-02916,0.3391,3310.78,Steady Core Customers,0,0
CUST-02917,0.2685,7061.48,High-Value Users,0,0
CUST-02918,0.2382,7062.35,High-Value Users,0,0
CUST-02919,0.5607,4322.61,Steady Core Customers,0,0
CUST-02920,0.1711,8938.88,High-Value Users,0,0
CUST-02921,0.6479,3135.25,Steady Core Customers,0,0
CUST-02922,0.194,5145.54,Steady Core Customers,0,0
CUST-02923,0.4141,4295.64,Steady Core Customers,0,0
CUST-02924,0.7338,5109.6,High-Value Users,0,0
CUST-02925,0.4279,4059.14,Steady Core Customers,0,0
CUST-02926,0.2022,5006.55,Steady Core Customers,0,0
CUST-02927,0.2891,6997.78,High-Value Users,0,0
CUST-02928,0.4196,4017.19,Steady Core Customers,0,0
CUST-02929,0.1496,4956.88,Steady Core Customers,0,0
CUST-02930,0.6469,7029.22,High-Value Users,0,1
CUST-02931,0.5083,3829.83,Steady Core Customers,0,0
CUST-02932,0.2216,3998.37,Steady Core Customers,0,0
CUST-02933,0.593,4278.79,Steady Core Customers,0,0
CUST-02934,0.1787,3636.66,Steady Core Customers,0,0
CUST-02935,0.2232,5163.84,Steady Core Customers,0,0
CUST-02936,0.693,5518.57,High-Value Users,0,1
CUST-02937,0.5232,6485.87,High-Value Users,0,1
CUST-02938,0.4373,6138.68,High-Value Users,0,0
CUST-02939,0.4899,4954.62,High-Value Users,0,0
CUST-02940,0.2035,3912.49,Steady Core Customers,0,0
CUST-02941,0.6252,4154.09,Steady Core Customers,0,0
CUST-02942,0.1554,6054.41,Steady Core Customers,0,0
CUST-02943,0.5972,5419.14,High-Value Users,0,1
CUST-02944,0.486,2319.57,Steady Core Customers,0,0
CUST-02945,0.2377,7721.58,High-Value Users,0,0
CUST-02946,0.6162,4390.68,Steady Core Customers,0,0
CUST-02947,0.3251,4013.64,Steady Core Customers,0,0
CUST-02948,0.2944,6501.3,High-Value Users,0,0
CUST-02949,0.1851,5475.52,Steady Core Customers,0,0
CUST-02950,0.447,3613.23,Steady Core Customers,0,0
CUST-02951,0.4545,4389.35,Steady Core Customers,0,0
CUST-02952,0.2444,7713.06,High-Value Users,0,0
CUST-02953,0.6009,5822.19,High-Value Users,0,1
CUST-02954,0.1605,5805.49,Steady Core Customers,0,0
CUST-02955,0.139,5690.3,High-Value Users,0,0
CUST-02956,0.3265,7663.3,High-Value Users,0,0
CUST-02957,0.16,3581.11,Steady Core Customers,0,0
CUST-02958,0.2126,4095.33,Steady Core Customers,0,0
CUST-02959,0.6063,3594.55,Steady Core Customers,0,0
CUST-02960,0.2291,7186.96,High-Value Users,0,0
CUST-02961,0.401,7951.37,High-Value Users,0,0
CUST-02962,0.5813,5773.39,High-Value Users,0,1
CUST-02963,0.1984,6129.95,Steady Core Customers,0,0
CUST-02964,0.5132,7053.77,High-Value Users,0,1
CUST-02965,0.5523,4586.32,Steady Core Customers,0,0
CUST-02966,0.1959,5586.2,Steady Core Customers,1,0
CUST-02967,0.2681,6795.76,High-Value Users,0,0
CUST-02968,0.6812,5631.11,High-Value Users,0,1
CUST-02969,0.2343,3465.82,Steady Core Customers,0,0
CUST-02970,0.6699,4130.38,Steady Core Customers,0,0
CUST-02971,0.4139,4172.34,Steady Core Customers,0,0
CUST-02972,0.6618,5682.23,High-Value Users,0,1
CUST-02973,0.2494,6173.87,Steady Core Customers,0,0
CUST-02974,0.7103,5503.93,High-Value Users,0,1
CUST-02975,0.3476,3836.68,Steady Core Customers,0,0
CUST-02976,0.1897,3380.99,Steady Core Customers,0,0
CUST-02977,0.6843,3843.78,Steady Core Customers,0,0
CUST-02978,0.3995,5302.22,High-Value Users,0,0
CUST-02979,0.4804,3838.47,Steady Core Customers,0,0
CUST-02980,0.271,5424.58,Steady Core Customers,0,0
CUST-02981,0.3923,6182.41,High-Value Users,0,0
CUST-02982,0.1977,7423.72,High-Value Users,0,0
CUST-02983,0.4949,3325.67,Steady Core Customers,0,0
CUST-02984,0.7158,4546.57,Steady Core Customers,0,0
CUST-02985,0.2516,4596.24,Steady Core Customers,0,0
CUST-02986,0.4169,4280.1,Steady Core Customers,0,0
CUST-02987,0.4907,4009.5,Steady Core Customers,0,0
CUST-02988,0.5379,5382.76,High-Value Users,0,1
CUST-02989,0.4633,6057.22,High-Value Users,0,0
CUST-02990,0.5853,5510.8,High-Value Users,0,1
CUST-02991,0.1889,4837.72,Steady Core Customers,0,0
CUST-02992,0.7187,3789.92,Steady Core Customers,0,0
CUST-02993,0.2338,4271.99,Steady Core Customers,0,0
CUST-02994,0.4003,3946.12,Steady Core Customers,0,0
CUST-02995,0.1665,6451.53,High-Value Users,0,0
CUST-02996,0.318,6020.55,High-Value Users,0,0
CUST-02997,0.1848,6025.38,Steady Core Customers,0,0
CUST-02998,0.5245,5678.5,High-Value Users,0,1
CUST-02999,0.2793,5521.02,High-Value Users,0,0
CUST-03000,0.5318,3754.85,Steady Core Customers,0,0
